-- MySQL dump 10.13  Distrib 8.0.36, for Win64 (x86_64)
--
-- Host: 10.6.38.133    Database: se
-- ------------------------------------------------------
-- Server version	8.0.36

/*!40101 SET @OLD_CHARACTER_SET_CLIENT=@@CHARACTER_SET_CLIENT */;
/*!40101 SET @OLD_CHARACTER_SET_RESULTS=@@CHARACTER_SET_RESULTS */;
/*!40101 SET @OLD_COLLATION_CONNECTION=@@COLLATION_CONNECTION */;
/*!50503 SET NAMES utf8 */;
/*!40103 SET @OLD_TIME_ZONE=@@TIME_ZONE */;
/*!40103 SET TIME_ZONE='+00:00' */;
/*!40014 SET @OLD_UNIQUE_CHECKS=@@UNIQUE_CHECKS, UNIQUE_CHECKS=0 */;
/*!40014 SET @OLD_FOREIGN_KEY_CHECKS=@@FOREIGN_KEY_CHECKS, FOREIGN_KEY_CHECKS=0 */;
/*!40101 SET @OLD_SQL_MODE=@@SQL_MODE, SQL_MODE='NO_AUTO_VALUE_ON_ZERO' */;
/*!40111 SET @OLD_SQL_NOTES=@@SQL_NOTES, SQL_NOTES=0 */;

--
-- Table structure for table `education_complaint`
--

DROP TABLE IF EXISTS `education_complaint`;
/*!40101 SET @saved_cs_client     = @@character_set_client */;
/*!50503 SET character_set_client = utf8mb4 */;
CREATE TABLE `education_complaint` (
  `teacher name` varchar(45) CHARACTER SET utf8mb4 COLLATE utf8mb4_0900_ai_ci NOT NULL,
  `date` datetime NOT NULL,
  `topic name` varchar(200) CHARACTER SET utf8mb4 COLLATE utf8mb4_0900_ai_ci NOT NULL,
  `user detail` varchar(500) CHARACTER SET utf8mb4 COLLATE utf8mb4_0900_ai_ci NOT NULL,
  PRIMARY KEY (`teacher name`)
) ENGINE=InnoDB DEFAULT CHARSET=utf8mb3 COMMENT='ยังไม่มีเมลฝ่ายการศึกษาเลย ใส่ชื่อเราไปก่อน';
/*!40101 SET character_set_client = @saved_cs_client */;

--
-- Dumping data for table `education_complaint`
--

LOCK TABLES `education_complaint` WRITE;
/*!40000 ALTER TABLE `education_complaint` DISABLE KEYS */;
INSERT INTO `education_complaint` VALUES ('Vacharapat Metthanan','2024-01-30 00:00:00','ตรวจสอบการจัดตารางซ้ำ','ตรวจสอบการจัดตารางซ้ำให้หน่อย ของรายวิชา xxxxxx ว่าซ้ำหรือป่าว');
/*!40000 ALTER TABLE `education_complaint` ENABLE KEYS */;
UNLOCK TABLES;

--
-- Table structure for table `education_import`
--

DROP TABLE IF EXISTS `education_import`;
/*!40101 SET @saved_cs_client     = @@character_set_client */;
/*!50503 SET character_set_client = utf8mb4 */;
CREATE TABLE `education_import` (
  `subject_id` varchar(45) CHARACTER SET utf8mb4 COLLATE utf8mb4_0900_ai_ci NOT NULL,
  `subject_name` varchar(100) CHARACTER SET utf8mb4 COLLATE utf8mb4_0900_ai_ci NOT NULL,
  `subject_credit` int NOT NULL,
  `subject_required` tinyint NOT NULL,
  PRIMARY KEY (`subject_id`)
) ENGINE=InnoDB DEFAULT CHARSET=utf8mb3;
/*!40101 SET character_set_client = @saved_cs_client */;

--
-- Dumping data for table `education_import`
--

LOCK TABLES `education_import` WRITE;
/*!40000 ALTER TABLE `education_import` DISABLE KEYS */;
INSERT INTO `education_import` VALUES ('03603341-60','Software Engineering',4,1),('03603423-60','Network Programming\n\n',3,0);
/*!40000 ALTER TABLE `education_import` ENABLE KEYS */;
UNLOCK TABLES;

--
-- Table structure for table `education_user`
--

DROP TABLE IF EXISTS `education_user`;
/*!40101 SET @saved_cs_client     = @@character_set_client */;
/*!50503 SET character_set_client = utf8mb4 */;
CREATE TABLE `education_user` (
  `Education_email` varchar(90) NOT NULL,
  `Education_name` varchar(45) NOT NULL,
  `Education_role` varchar(45) NOT NULL,
  PRIMARY KEY (`Education_email`)
) ENGINE=InnoDB DEFAULT CHARSET=utf8mb4 COLLATE=utf8mb4_0900_ai_ci COMMENT='ข้อมูล userที่มี role ฝ่ายการศึกษา';
/*!40101 SET character_set_client = @saved_cs_client */;

--
-- Dumping data for table `education_user`
--

LOCK TABLES `education_user` WRITE;
/*!40000 ALTER TABLE `education_user` DISABLE KEYS */;
INSERT INTO `education_user` VALUES ('Chanitpol.s@ku.th','Chanitpol Saengraksa','Education'),('kannipit.p@ku.th','Kannipit Pornpayap','Education'),('nanfha.s@ku.th','Nanfha Sutthikul','Education'),('patcharapon.kaj@ku.th','Patcharapon Kajornklin','Education'),('polkrit.t@live.ku.th','Polkrit Tikhana','Education'),('poomlak.p@ku.th','Poomlak promdontri','Education'),('surakan.m@ku.th','Surakan Machan','Education'),('wasupon.so@ku.th','Wasupon Somwang','Education');
/*!40000 ALTER TABLE `education_user` ENABLE KEYS */;
UNLOCK TABLES;

--
-- Table structure for table `filter_major`
--

DROP TABLE IF EXISTS `filter_major`;
/*!40101 SET @saved_cs_client     = @@character_set_client */;
/*!50503 SET character_set_client = utf8mb4 */;
CREATE TABLE `filter_major` (
  `major_id` varchar(10) CHARACTER SET utf8mb4 COLLATE utf8mb4_0900_ai_ci NOT NULL,
  PRIMARY KEY (`major_id`),
  UNIQUE KEY `field_code_UNIQUE` (`major_id`)
) ENGINE=InnoDB DEFAULT CHARSET=utf8mb3;
/*!40101 SET character_set_client = @saved_cs_client */;

--
-- Dumping data for table `filter_major`
--

LOCK TABLES `filter_major` WRITE;
/*!40000 ALTER TABLE `filter_major` DISABLE KEYS */;
INSERT INTO `filter_major` VALUES ('T02'),('T03'),('T04'),('T05'),('T07'),('T08'),('T12'),('T13'),('T14'),('T17'),('T18'),('T19'),('T20'),('T22'),('T23');
/*!40000 ALTER TABLE `filter_major` ENABLE KEYS */;
UNLOCK TABLES;

--
-- Table structure for table `filter_require`
--

DROP TABLE IF EXISTS `filter_require`;
/*!40101 SET @saved_cs_client     = @@character_set_client */;
/*!50503 SET character_set_client = utf8mb4 */;
CREATE TABLE `filter_require` (
  `is_required` tinyint NOT NULL,
  PRIMARY KEY (`is_required`)
) ENGINE=InnoDB DEFAULT CHARSET=utf8mb4 COLLATE=utf8mb4_0900_ai_ci;
/*!40101 SET character_set_client = @saved_cs_client */;

--
-- Dumping data for table `filter_require`
--

LOCK TABLES `filter_require` WRITE;
/*!40000 ALTER TABLE `filter_require` DISABLE KEYS */;
INSERT INTO `filter_require` VALUES (0),(1);
/*!40000 ALTER TABLE `filter_require` ENABLE KEYS */;
UNLOCK TABLES;

--
-- Table structure for table `filter_year`
--

DROP TABLE IF EXISTS `filter_year`;
/*!40101 SET @saved_cs_client     = @@character_set_client */;
/*!50503 SET character_set_client = utf8mb4 */;
CREATE TABLE `filter_year` (
  `year` int unsigned NOT NULL,
  PRIMARY KEY (`year`)
) ENGINE=InnoDB DEFAULT CHARSET=utf8mb4 COLLATE=utf8mb4_0900_ai_ci;
/*!40101 SET character_set_client = @saved_cs_client */;

--
-- Dumping data for table `filter_year`
--

LOCK TABLES `filter_year` WRITE;
/*!40000 ALTER TABLE `filter_year` DISABLE KEYS */;
INSERT INTO `filter_year` VALUES (55),(56),(60),(65);
/*!40000 ALTER TABLE `filter_year` ENABLE KEYS */;
UNLOCK TABLES;

--
-- Table structure for table `image`
--

DROP TABLE IF EXISTS `image`;
/*!40101 SET @saved_cs_client     = @@character_set_client */;
/*!50503 SET character_set_client = utf8mb4 */;
CREATE TABLE `image` (
  `user_id` int NOT NULL,
  `user_image` varchar(1000) DEFAULT NULL,
  PRIMARY KEY (`user_id`)
) ENGINE=InnoDB DEFAULT CHARSET=utf8mb4 COLLATE=utf8mb4_0900_ai_ci;
/*!40101 SET character_set_client = @saved_cs_client */;

--
-- Dumping data for table `image`
--

LOCK TABLES `image` WRITE;
/*!40000 ALTER TABLE `image` DISABLE KEYS */;
INSERT INTO `image` VALUES (1,'https://www.eng.src.ku.ac.th/album/member/large/13d0b43d76a1b17132b49b991c3a8752.jpg'),(2,'https://www.eng.src.ku.ac.th/album/member/large/c1c6d7bd6f017e4fb76844e4a1b81871.jpg'),(3,'https://www.eng.src.ku.ac.th/album/member/large/56d33817efe94d5ff1df6608db22d233.jpg'),(4,'-'),(5,'https://www.eng.src.ku.ac.th/album/member/large/fa328bc923e74b2446b2f269e3bd2bea.jpg'),(6,'https://www.eng.src.ku.ac.th/album/member/large/73d6e5738ef112b77e8cfadabe85d120.jpg'),(7,'https://www.eng.src.ku.ac.th/album/member/large/f15d4236cbd2621a6aa716920fe7f5a9.jpg'),(8,'https://www.eng.src.ku.ac.th/album/member/large/fc00b2c1a2affdbaf22c179949d82527.jpg'),(9,'https://www.eng.src.ku.ac.th/album/member/large/6882e70f352e9869106108e0b261da89.jpg'),(10,'https://www.eng.src.ku.ac.th/album/member/large/aa265ccaf5a2bd9584ed884bb23c6f35.jpeg'),(11,'https://www.eng.src.ku.ac.th/album/member/large/824e0175414119ce400b9c8b3821142e.png'),(12,'https://www.eng.src.ku.ac.th/album/member/large/5176c7be61a14d7d0a572318599199c5.jpg'),(13,'https://www.eng.src.ku.ac.th/album/member/large/e2cebd8237d0a328f5c81e834597d913.jpg'),(14,'https://www.eng.src.ku.ac.th/album/member/large/72d93f0d7329c42c0694071e75b4be55.jpg'),(15,'https://www.eng.src.ku.ac.th/album/member/large/746e2edbd9175a9f5a1f68785d062b86.jpg'),(16,'https://www.eng.src.ku.ac.th/album/member/large/3b44cac49ce8696dffd77a8c549127d3.jpg'),(17,'https://www.eng.src.ku.ac.th/album/member/large/8db9930a60f81771c40088edb81e0b84.jpg'),(18,'https://www.eng.src.ku.ac.th/album/member/large/ab326ae7de45f3faf8fab218cc171cf8.jpg'),(19,'https://www.eng.src.ku.ac.th/album/member/large/c3bcaaacf975d937ac97e2f59f46a4da.jpg'),(20,'https://www.eng.src.ku.ac.th/album/member/large/18c105e3db6c996cbce18a79102c789c.jpg'),(21,'https://www.eng.src.ku.ac.th/album/member/large/2f99df2384d7e9ba95efdb3b6b9428c2.jpg'),(22,'https://www.eng.src.ku.ac.th/album/member/large/16fdb58be983deb3c4fbba369aae190e.jpg'),(23,'https://www.eng.src.ku.ac.th/album/member/large/1e583363d074fab7b45313a1ec24b61b.jpg'),(24,'https://www.eng.src.ku.ac.th/album/member/large/f686be2433a9bfc221cc0c6a5f6d168f.jpg'),(25,'https://www.eng.src.ku.ac.th/album/member/large/e142d0d99ab6ad0cbf3b7c087f34c099.jpg'),(26,'https://www.eng.src.ku.ac.th/album/member/large/5aa64b13268041450fc84b2ef09043e6.jpg'),(27,'https://www.eng.src.ku.ac.th/album/member/large/fa3edb86bbdf8eb33a8ca294654e4770.jpg'),(28,'https://www.eng.src.ku.ac.th/album/member/large/59680ea9ea12e2f877abdafda7fa0c76.jpg'),(29,'https://www.eng.src.ku.ac.th/album/member/large/4f4759f6455db9f31d3e2c6b902bf64e.jpg'),(30,'https://www.eng.src.ku.ac.th/album/member/large/0cb733b0feaed1b4054a6cbcd8520f97.jpg'),(31,'https://www.eng.src.ku.ac.th/album/member/large/075648ef534fca5f589d3f90702e674c.jpg'),(32,'https://www.eng.src.ku.ac.th/album/member/large/47efe888fea69148b723bfd8dbafa01d.jpg'),(33,'https://www.eng.src.ku.ac.th/album/member/large/7913b16aa8c0921243b8e1a2340ece8a.jpg'),(34,'https://www.eng.src.ku.ac.th/album/member/large/023a06c5efd63c3776772280e2f240da.jpg'),(35,'https://www.eng.src.ku.ac.th/album/member/large/ac2ceed35c30e960dc885cb3d1700fbe.jpg'),(36,'https://www.eng.src.ku.ac.th/album/member/large/2e21976e1cd953b6ae46a2006cab0c5f.jpg'),(37,'https://www.eng.src.ku.ac.th/album/member/large/at45et4h5er5tg41gz8fbg1ergfrbd15.jpg'),(38,'https://www.eng.src.ku.ac.th/album/member/large/633cdafe8408011eeec314bd31d0c8ed.jpg'),(39,'https://www.eng.src.ku.ac.th/album/member/large/c762d5bd60c299fb1a445d55a57dd378.jpg'),(40,'https://www.eng.src.ku.ac.th/album/member/large/d744cbbb051a4692ad7a2ac37bafed71.jpg'),(41,'https://www.eng.src.ku.ac.th/album/member/large/8e3d3bf853716ca563c7b8caf38e54e4.jpg'),(42,'https://www.eng.src.ku.ac.th/album/member/large/f62f95b9cc0fc5fb81d19eaa2ae8c62c.jpg'),(43,'https://www.eng.src.ku.ac.th/album/member/large/37ccba7ccbbde07d3efae2a00581d6ab.jpg'),(44,'https://www.eng.src.ku.ac.th/album/member/large/2d151230c5b42188eb2ad5d54dad049b.jpg'),(45,'https://www.eng.src.ku.ac.th/album/member/large/052556e35543fa430c287cb7ec7dfe4d.jpg'),(46,'https://www.eng.src.ku.ac.th/album/member/large/3d7ce830c47e32937fcf0393d5dac50a.jpg'),(47,'https://www.eng.src.ku.ac.th/album/member/large/8af09eb735b0b694653906a39a971777.jpg'),(48,'https://www.eng.src.ku.ac.th/album/member/large/bb40c2fa0959e547ec990308937f4e79.jpg'),(49,'https://www.eng.src.ku.ac.th/album/member/large/f18ce476b1ae55d05ad507c3fef24929.jpg'),(50,'https://www.eng.src.ku.ac.th/album/member/large/862ea4efcd7dd93b2871794d8dba7357.jpg'),(51,'https://www.eng.src.ku.ac.th/album/member/large/e3278bd5c2c7f680964b63b5ccce6468.jpg'),(52,'https://www.eng.src.ku.ac.th/album/member/large/a01076aeee71d2f93a9a58ba9c52b000.jpg'),(53,'https://www.eng.src.ku.ac.th/album/member/large/4f06664b5b3faf2715e05de883f5daed.jpg'),(54,'https://www.eng.src.ku.ac.th/album/member/large/68b63b0633a23d9e942add6d00f8bac5.jpg'),(55,'https://www.eng.src.ku.ac.th/album/member/large/5d76e96cbb0016b709eec730a927955b.jpg'),(56,'https://www.eng.src.ku.ac.th/album/member/large/0acb7f535ebfa8571cb69d9ad399162f.jpg'),(57,'https://www.eng.src.ku.ac.th/album/member/large/12f79887b9647382cb6107883463c270.jpg'),(58,'https://www.eng.src.ku.ac.th/album/member/large/0fdc9af01c844a6847aad5751e9812f1.jpg'),(59,'https://www.eng.src.ku.ac.th/album/member/large/07160408dd948d82516c705a3d97e065.jpg'),(60,'https://www.eng.src.ku.ac.th/album/member/large/72255e7c0c30c8def7947bbbe5d8fe0d.jpg'),(61,'https://www.eng.src.ku.ac.th/album/member/large/ed83ce16013d24a74fe6a8a7317eb67e.jpg'),(62,'https://www.eng.src.ku.ac.th/album/member/large/1227ecf812b18469aefe8bf933c4a88b.jpg'),(63,'https://www.eng.src.ku.ac.th/album/member/large/d3b7405ea06eeb970d815cab728d390e.jpg'),(64,'https://www.eng.src.ku.ac.th/album/member/large/fa4617de489feeed39badcecedb1ceab.jpg'),(65,'https://www.eng.src.ku.ac.th/album/member/large/0a0032b9fbe36dbdcdd095f714e88f94.jpg'),(66,'https://www.eng.src.ku.ac.th/album/member/large/538d567870f063deb67516b89213e8be.jpg'),(67,'https://www.eng.src.ku.ac.th/album/member/large/b6653d2a3249e7518ec6941ffa477d10.jpg'),(68,'https://www.eng.src.ku.ac.th/album/member/large/0ba4ae3fcdbf643529fad0c90ad2abb6.jpg'),(69,'https://www.eng.src.ku.ac.th/album/member/large/d2598b6d59f6b858fad63f09c5ce75ca.jpg'),(70,'https://www.eng.src.ku.ac.th/album/member/large/8bfab184159b71ee25e9cb74f45e7106.jpg'),(71,'https://www.eng.src.ku.ac.th/album/member/large/cdb933747194542a90446a3ee085f147.jpg'),(72,'https://www.eng.src.ku.ac.th/album/member/large/0dad97a8483b18d41e5ace116ae9f6e6.jpg'),(73,'https://www.eng.src.ku.ac.th/album/member/large/999b382e2da525d94065bfbcd05f5ade.jpg'),(74,'https://www.eng.src.ku.ac.th/album/member/large/c9b172e1be8f53cf12563ea3ff8bab88.jpg'),(75,'https://www.eng.src.ku.ac.th/album/member/large/a09a50b8aefb4a0a6e403fb5e1a70ca5.jpg'),(76,'https://www.eng.src.ku.ac.th/album/member/large/8c61c1d33a60c8761835dc9c82bec445.jpg'),(77,'https://www.eng.src.ku.ac.th/album/member/large/44197f4aabfd563afefd61d7994d242f.jpg'),(78,'https://www.eng.src.ku.ac.th/album/member/large/176993e9078dfc0660d6cf0c54dff49f.jpg'),(79,'https://www.eng.src.ku.ac.th/album/member/large/9b5a517b31f3e76994299e70c72748d6.jpeg'),(80,'https://www.eng.src.ku.ac.th/album/member/large/e065970fd6be3e0458ca58db14f64fc4.jpg'),(81,'https://www.eng.src.ku.ac.th/album/member/large/aae18393bd71140e14dbe26600e3062c.jpg'),(82,'https://www.eng.src.ku.ac.th/album/member/large/70ea346e2d5b77d6ba0cc8be25485f31.jpg'),(83,'https://www.eng.src.ku.ac.th/album/member/large/b74946895f750f8101fe15db63b8c80d.jpg'),(84,'https://www.eng.src.ku.ac.th/album/member/large/fb5435cfb898231a69736053a4d3c323.jpg'),(85,'https://www.eng.src.ku.ac.th/album/member/large/d4ab265cf753dbd250d18710318f454b.jpg'),(86,'https://www.eng.src.ku.ac.th/album/member/large/8ac27be8a36e797ad0d670a291a41953.jpg'),(87,'https://www.eng.src.ku.ac.th/album/member/large/987b971eb6528b3a195f56141be57207.jpg'),(88,'https://www.eng.src.ku.ac.th/album/member/large/af5a521f2e61d47739fd9ec4079199b3.jpg'),(89,'https://www.eng.src.ku.ac.th/album/member/large/e14e4db4a7a86487b346c7fca5c64a58.jpg'),(90,'https://www.eng.src.ku.ac.th/album/member/large/2c44fb54eac4d7c39134deee5f6ca2a5.jpg'),(91,'https://www.eng.src.ku.ac.th/album/member/large/1ddcd0b20a388e5f62fce27035ba5220.jpg'),(92,'https://www.eng.src.ku.ac.th/album/member/large/4ef95e1dd9db50a23534031e363dba18.jpg'),(93,'https://www.eng.src.ku.ac.th/album/member/large/13561fb162fadf4598259181a5378075.jpg'),(94,'https://www.eng.src.ku.ac.th/album/member/large/70a33715d5f582a501b9e462898a1e0e.jpg'),(95,'https://www.eng.src.ku.ac.th/album/member/large/6a100a8b07347d5cef1438f18744e1ca.jpg'),(96,'https://www.eng.src.ku.ac.th/album/member/large/0624490c95a535e640d49cb42c081ddc.jpg'),(97,'https://www.eng.src.ku.ac.th/album/member/large/1b26b6d4c6e9f50755938403bc2db8b5.jpg'),(98,'https://www.eng.src.ku.ac.th/album/member/large/23dbaab4e8ca6a3b1988bd0d453b7ad3.jpg'),(99,'https://www.eng.src.ku.ac.th/album/member/large/6bb642657cb84ff7fdaaec428a3b118e.jpg');
/*!40000 ALTER TABLE `image` ENABLE KEYS */;
UNLOCK TABLES;

--
-- Table structure for table `note`
--

DROP TABLE IF EXISTS `note`;
/*!40101 SET @saved_cs_client     = @@character_set_client */;
/*!50503 SET character_set_client = utf8mb4 */;
CREATE TABLE `note` (
  `user_id` int NOT NULL,
  `note_id` int NOT NULL AUTO_INCREMENT,
  `user_name` varchar(45) NOT NULL,
  `user_email` varchar(45) NOT NULL,
  `note` text CHARACTER SET utf8mb4 COLLATE utf8mb4_0900_ai_ci,
  PRIMARY KEY (`note_id`)
) ENGINE=InnoDB AUTO_INCREMENT=2 DEFAULT CHARSET=utf8mb3;
/*!40101 SET character_set_client = @saved_cs_client */;

--
-- Dumping data for table `note`
--

LOCK TABLES `note` WRITE;
/*!40000 ALTER TABLE `note` DISABLE KEYS */;
INSERT INTO `note` VALUES (107,1,'Surakan Machan','surakan.m@ku.th','Help me!!');
/*!40000 ALTER TABLE `note` ENABLE KEYS */;
UNLOCK TABLES;

--
-- Table structure for table `notification`
--

DROP TABLE IF EXISTS `notification`;
/*!40101 SET @saved_cs_client     = @@character_set_client */;
/*!50503 SET character_set_client = utf8mb4 */;
CREATE TABLE `notification` (
  `id` int NOT NULL AUTO_INCREMENT,
  `name` varchar(100) NOT NULL,
  `info` varchar(200) DEFAULT NULL,
  PRIMARY KEY (`id`),
  UNIQUE KEY `id_UNIQUE` (`id`)
) ENGINE=InnoDB AUTO_INCREMENT=4 DEFAULT CHARSET=utf8mb4 COLLATE=utf8mb4_0900_ai_ci;
/*!40101 SET character_set_client = @saved_cs_client */;

--
-- Dumping data for table `notification`
--

LOCK TABLES `notification` WRITE;
/*!40000 ALTER TABLE `notification` DISABLE KEYS */;
INSERT INTO `notification` VALUES (1,'test','ต้องการห้อง LAB COM 23 เวลา 18.00 น.'),(2,'Polkrit','ห้องDAT เวลา09.00'),(3,'Test01','ห้องDAT เวลา 13.00');
/*!40000 ALTER TABLE `notification` ENABLE KEYS */;
UNLOCK TABLES;

--
-- Table structure for table `room`
--

DROP TABLE IF EXISTS `room`;
/*!40101 SET @saved_cs_client     = @@character_set_client */;
/*!50503 SET character_set_client = utf8mb4 */;
CREATE TABLE `room` (
  `room` text
) ENGINE=InnoDB DEFAULT CHARSET=utf8mb4 COLLATE=utf8mb4_0900_ai_ci;
/*!40101 SET character_set_client = @saved_cs_client */;

--
-- Dumping data for table `room`
--

LOCK TABLES `room` WRITE;
/*!40000 ALTER TABLE `room` DISABLE KEYS */;
INSERT INTO `room` VALUES ('room'),('23305'),('23306');
/*!40000 ALTER TABLE `room` ENABLE KEYS */;
UNLOCK TABLES;

--
-- Table structure for table `subject`
--

DROP TABLE IF EXISTS `subject`;
/*!40101 SET @saved_cs_client     = @@character_set_client */;
/*!50503 SET character_set_client = utf8mb4 */;
CREATE TABLE `subject` (
  `subject_id` varchar(20) NOT NULL,
  `subject_year` int NOT NULL,
  `subject_name` varchar(100) NOT NULL,
  `subject_major_id` varchar(20) DEFAULT NULL,
  `subject_credit` varchar(10) NOT NULL,
  PRIMARY KEY (`subject_id`)
) ENGINE=InnoDB DEFAULT CHARSET=utf8mb4 COLLATE=utf8mb4_0900_ai_ci;
/*!40101 SET character_set_client = @saved_cs_client */;

--
-- Dumping data for table `subject`
--

LOCK TABLES `subject` WRITE;
/*!40000 ALTER TABLE `subject` DISABLE KEYS */;
INSERT INTO `subject` VALUES ('01200434-60',60,'Rail Infrastructure','T05','3(3-0-6)\n'),('01200434-65',65,'Rail Infrastructure','T05','3 (3-0-6)'),('01200435 -60',60,'Rail System Operation and Maintenance\n','T05','3(3-0-6)'),('01200435-65',65,'Rail System Operation and Maintenance','T05','3 (3-0-6)'),('01203111-65',65,'Applied Statistics for Civil Engineering','T05','2(2-0-4)'),('01203211-56',56,'Surveying','T05','3(2-3-6)'),('01203211-60',60,'Surveying','T05','3(2-3-6)'),('01203211-65',65,'Surveying','T05','3(2-3-6)'),('01203212 -60',60,'Survey Camp\n','T05','1'),('01203212-56',56,'Survey Camp','T05','1'),('01203212-65',65,'Survey Camp','T05','1'),('01203221-56',56,'Mechanics of Materials I','T05','3(3-0-6)'),('01203221-60',60,'Mechanics of Materials I\n','T05','3(3-0-6)'),('01203221-65',65,'Mechanics of Materials I','T05','3(3-0-6)'),('01203222-56',56,'Structural Analysis I','T05','3(3-0-6)'),('01203222-60',60,'Structural Analysis I','T05','3(3-0-6)'),('01203222-65',65,'Structural Analysis I','T05','3(3-0-6)'),('01203223 -60',60,'Mechanics of Materials II','T05','3(3-0-6)\n'),('01203223-56',56,'Mechanics of Materials II','T05','3(3-0-6)'),('01203223-65',65,'Mechanics of Materials II','T05','3(3-0-6)'),('01203224-56',56,'Applied Mathematics for Civil Engineering','T05','3(3-0-6)'),('01203224-60',60,'Applied Mathematics for Civil Engineering\n','T05','3(3-0-6)'),('01203224-65',65,'Applied Mathematics for Civil Engineering','T05','2(2-0-4)'),('01203231 -60',60,'Concrete and Engineering Materials\n','T05','3(2-3-6)\n'),('01203231-56',56,'Concrete and Engineering Materials','T05','3(2-3-6)'),('01203231-65',65,'Concrete and Engineering Materials','T05','3(2-3-6)'),('01203251-56',56,'Engineering Geology','T05','3(3-0-6)'),('01203251-60',60,'Engineering Geology\n','T05','3(3-0-6)'),('01203251-65',65,'Engineering Geology','T05','3(3-0-6)'),('01203311-56',56,'Engineering Surveying Technology','T05','3(2-3-6)'),('01203311-60',60,'Engineering Surveying Technology','T05','3(2-3-6)\n'),('01203311-65',65,'Engineering Surveying Technology','T05','3(2-3-6)'),('01203312-56',56,'Photogrammetry','T05','3(2-3-6)'),('01203312-60',60,'Photogrammetry','T05','3(2-3-6)\n'),('01203312-65',65,'Photogrammetry','T05','3(2-3-6)'),('01203322-56',56,'Civil Engineering Materials Testing Laboratory','T05','1(0-3-2)'),('01203322-60',60,'Civil Engineering Materials Testing Laboratory\n','T05','1(0-3-2)'),('01203322-65',65,'Civil Engineering Materials Testing Laboratory','T05','1(0-3-2)'),('01203323 -60',60,'Structural Analysis II\n','T05','3(3-0-6)\n'),('01203323-56',56,'Structural Analysis II','T05','3(3-0-6)'),('01203323-65',65,'Structural Analysis II','T05','3(3-0-6)'),('01203331-56',56,'Reinforced Concrete Design','T05','4(3-3-8)'),('01203331-60',60,'Reinforced Concrete Design','T05','4(3-3-8)'),('01203331-65',65,'Reinforced Concrete Design','T05','4(3-3-8)'),('01203333 -60',60,'Design of Timber and Steel Structures\n','T05','4(3-3-8)'),('01203333-56',56,'Design of Timber and Steel Structures','T05','4(3-3-8)'),('01203333-65',65,'Design of Timber and Steel Structures','T05','4(3-3-8)'),('01203352-56',56,'Soil Mechanics','T05','3(3-0-6)'),('01203352-65',65,'Soil Mechanics','T05','3(3-0-6)'),('01203353-56',56,'Soil Mechanics Laboratory','T05','1(0-3-2)'),('01203353-60',60,'Soil Mechanics Laboratory\n','T05','1(0-3-2)'),('01203353-65',65,'Soil Mechanics Laboratory','T05','1(0-3-2)'),('01203354-56',56,'Foundation Design','T05','3(3-0-6)'),('01203354-60',60,'Foundation Design\n','T05','3(3-0-6)\n'),('01203354-65',65,'Foundation Design','T05','3(3-0-6)'),('01203361 -60',60,'Construction Engineering and Management','T05','3(3-0-6)'),('01203361-56',56,'Construction Engineering and Management','T05','3(3-0-6)'),('01203361-65',65,'Construction Engineering and Management','T05','3(3-0-6)'),('01203371-56',56,'Transportation Engineering','T05','3(3-0-6)'),('01203371-60',60,'Transportation Engineering\n','T05','3(3-0-6)\n'),('01203371-65',65,'Transportation Engineering','T05','3(3-0-6)'),('01203381 -60',60,'Computer Applications in Civil Engineering','T05','1(0-3-2)\n'),('01203381-56',56,'Computer Applications in Civil Engineering','T05','1(0-3-2)'),('01203381-65',65,'Computer Applications in Civil Engineering','T05','1(0-3-2)'),('01203399 -60',60,'Internship\n','T05','1'),('01203399-56',56,'Internship','T05','1'),('01203399-65',65,'Internship','T05','1'),('01203411-56',56,'Aerial Photography Interpretation','T05','3(2-3-6)'),('01203411-60',60,'Aerial Photography Interpretation','T05','3(2-3-6)'),('01203411-65',65,'Aerial Photography Interpretation','T05','3(2-3-6)'),('01203415-56',56,'Remote Sensing for Engineers','T05','3(2-3-6)'),('01203415-60',60,'Remote Sensing for Engineers','T05','3(2-3-6)'),('01203415-65',65,'Remote Sensing for Engineers','T05','3(2-3-6)'),('01203416-56',56,'Geographic Information Systems for Engineers','T05','3(2-3-6)'),('01203416-60',60,'Geographic Information Systems for Engineers','T05','3(2-3-6)'),('01203416-65',65,'Geographic Information Systems for Engineers','T05','3(2-3-6)'),('01203417-56',56,'Satellite Surveying for Engineers','T05','3(2-3-6)'),('01203417-60',60,'Satellite Surveying for Engineers','T05','3(2-3-6)'),('01203417-65',65,'Satellite Surveying for Engineers','T05','3(2-3-6)'),('01203421-56',56,'Computer Applications in Structural Engineering','T05','3(2-3-6)'),('01203421-60',60,'Computer Applications in Structural Engineering','T05','3(2-3-6)'),('01203421-65',65,'Computer Applications in Structural Engineering','T05','3(2-3-6)'),('01203422 -60',60,'Structural Damage and Rehabilitation','T05','3(3-0-6)\n'),('01203422-56',56,'Structural Damage and Rehabilitation','T05','3(3-0-6)'),('01203422-65',65,'Structural Damage and Rehabilitation','T05','3(3-0-6)'),('01203431-56',56,'Prestressed Concrete Design','T05','3(3-0-6)'),('01203431-60',60,'Prestressed Concrete Design\n','T05','3(3-0-6)\n'),('01203431-65',65,'Prestressed Concrete Design','T05','3(3-0-6)'),('01203432-56',56,'Bridge Structural Design','T05','3(3-0-6)'),('01203432-60',60,'Bridge Structural Design\n','T05','3(3-0-6)'),('01203432-65',65,'Bridge Structural Design','T05','3(3-0-6)'),('01203433-56',56,'Building Structural Design','T05','3(2-3-6)'),('01203433-60',60,'Building Structural Design','T05','3(2-3-6)'),('01203433-65',65,'Building Structural Design','T05','3(2-3-6)'),('01203434-56',56,'Structural Steel Technology','T05','3(3-0-6)'),('01203434-60',60,'Structural Steel Technology','T05','3(3-0-6)'),('01203434-65',65,'Structural Steel Technology','T05','3(3-0-6)'),('01203451-56',56,'Analysis and Design of Earth Structures','T05','3(3-0-6)'),('01203451-60',60,'Analysis and Design of Earth Structures','T05','3(3-0-6)'),('01203451-65',65,'Analysis and Design of Earth Structures','T05','3(3-0-6)'),('01203452-56',56,'Engineering Soil Exploration','T05','3(2-3-6)'),('01203452-60',60,'Engineering Soil Exploration','T05','3(2-3-6)'),('01203452-65',65,'Engineering Soil Exploration','T05','3(2-3-6)'),('01203453-56',56,'Principles of Geomechanics','T05','3(3-0-6)'),('01203453-60',60,'Principles of Geomechanics','T05','3(3-0-6)'),('01203453-65',65,'Principles of Geomechanics','T05','3(3-0-6)'),('01203454-56',56,'Computer Applications in Geotechnical Engineering','T05','3(2-3-6)'),('01203454-60',60,'Computer Applications in Geotechnical Engineering','T05','3(2-3-6)'),('01203454-65',65,'Computer Applications in Geotechnical Engineering','T05','3(2-3-6)'),('01203455-56',56,'Principles of Rock Mechanics and Tunneling','T05','3(2-3-6)'),('01203455-60',60,'Principles of Rock Mechanics and Tunneling','T05','3(2-3-6)'),('01203455-65',65,'Principles of Rock Mechanics and Tunneling','T05','3(3-0-6)'),('01203456-56',56,'Geo-environmental Engineering','T05','3(3-0-6)'),('01203456-60',60,'Geo-environmental Engineering','T05','3(3-0-6)'),('01203456-65',65,'Geo-environmental Engineering','T05','3(3-0-6)'),('01203461-56',56,'Construction Equipment','T05','3(3-0-6)'),('01203461-60',60,'Construction Equipment','T05','3(3-0-6)'),('01203461-65',65,'Construction Equipment','T05','3(3-0-6)'),('01203462-56',56,'Contract, Specification and Construction Estimation','T05','3(3-0-6)'),('01203462-60',60,'Contract, Specification and Construction Estimation','T05','3(3-0-6)'),('01203462-65',65,'Contract, Specification and Construction Estimation','T05','3(3-0-6)'),('01203463-56',56,'Sustainable Construction','T05','3(3-0-6)'),('01203463-60',60,'Sustainable Construction','T05','3(3-0-6)\n'),('01203463-65',65,'Sustainable Construction','T05','3(3-0-6)'),('01203464-56',56,'Materials and Methods of Construction','T05','3(3-0-6)'),('01203464-60',60,'Materials and Methods of Construction\n','T05','3(3-0-6)\n'),('01203464-65',65,'Materials and Methods of Construction','T05','3(3-0-6)'),('01203465 -60',60,'Computer Applications in Construction\n','T05','3(2-3-6)'),('01203465-56',56,'Computer Applications in Construction','T05','3(2-3-6)'),('01203465-65',65,'Computer Applications in Construction','T05','3(2-3-6)'),('01203466 -60',60,'Construction Project Analysis\n','T05','3(3-0-6)\n'),('01203466-56',56,'Construction Project Analysis','T05','3(3-0-6)'),('01203466-65',65,'Construction Project Analysis','T05','3(3-0-6)'),('01203467-56',56,'Supervision and Inspection in Construction','T05','3(3-0-6)'),('01203467-60',60,'Supervision and Inspection in Construction','T05','3(3-0-6)\n'),('01203467-65',65,'Supervision and Inspection in Construction','T05','3(3-0-6)'),('01203470-60',60,'Freight Transportation Planning and Logistics','T05','3(3-0-6)\n'),('01203470-65',65,'Freight Transportation Planning and Logistics','T05','3(3-0-6)'),('01203471-56',56,'Highway Engineering','T05','3(3-0-6)'),('01203471-60',60,'Highway Engineering\n','T05','3(3-0-6)\n'),('01203471-65',65,'Highway Engineering','T05','3(3-0-6)'),('01203472-56',56,'Highway Materials','T05','3(2-3-6)'),('01203472-60',60,'Highway Materials\n','T05','3(2-3-6)\n'),('01203472-65',65,'Smart Cities','T05','3(3-0-6)'),('01203473 -60',60,'Traffic Engineering','T05','3(3-0-6)'),('01203473-56',56,'Traffic Engineering','T05','3(3-0-6)'),('01203473-65',65,'Traffic Engineering','T05','3(3-0-6)'),('01203474-56',56,'Urban Transportation Planning','T05','3(3-0-6)'),('01203474-60',60,'Urban Transportation Planning\n','T05','3(3-0-6)\n'),('01203474-65',65,'Urban Transportation Planning','T05','3(3-0-6)'),('01203475 -60',60,'Urban Mass Transportation Planning\n','T05','3(3-0-6)\n'),('01203475-56',56,'Urban Mass Transportation Planning','T05','3(3-0-6)'),('01203475-65',65,'Urban Mass Transportation Planning','T05','3(3-0-6)'),('01203476-56',56,'Airport Planning and Design','T05','3(3-0-6)'),('01203476-60',60,'Airport Planning and Design\n','T05','3(3-0-6)'),('01203476-65',65,'Airport Planning and Design','T05','3(3-0-6)'),('01203477 -60',60,'Pavement Structures\n','T05','3(3-0-6)'),('01203477-56',56,'Pavement Structures','T05','3(3-0-6)'),('01203477-65',65,'Pavement Structures','T05','3(3-0-6)'),('01203478-56',56,'Traffic Design and Operations','T05','3(2-3-6)'),('01203478-60',60,'Traffic Design and Operations\n','T05','3(2-3-6)'),('01203478-65',65,'Traffic Design and Operation','T05','3(2-3-6)'),('01203479-56',56,'Computer applications in transport engineering','T05','3(3-0-6)'),('01203479-60',60,'Computer Applications in Transport Engineering','T05','3(3-0-6)'),('01203479-65',65,'Computer Applications in Transportation Engineering','T05','3(3-0-6)'),('01203481-56',56,'Sanitary Engineering and Water Supply','T05','3(3-0-6)'),('01203481-60',60,'Sanitary Engineering and Water Supply','T05','3(3-0-6)'),('01203481-65',65,'Sanitary Engineering and Water Supply','T05','3(3-0-6)'),('01203490-56-56',56,'Co-operative Education','T05','6'),('01203490-60',60,'Co-operative Education','T05','6'),('01203490-65',65,'Co-operative','T05','6'),('01203495-56',56,'Civil Engineering Project Preparation','T05','1(0-3-2)'),('01203495-60',60,'Civil Engineering Project Preparation\n','T05','1(0-3-2)\n'),('01203495-65',65,'Civil Engineering Project Preparation','T05','1(0-3-2)'),('01203496-56',56,'Selected Topics in Civil Engineering','T05','1-3'),('01203496-60',60,'Selected Topics in Civil Engineering\n','T05','1-3'),('01203497-56',56,'Seminar','T05','1'),('01203497-60',60,'Seminar\n','T05','1'),('01203497-65',65,'Seminar','T05','1'),('01203499-56',56,'Civil Engineering Project','T05','1(0-3-2)'),('01203499-60',60,'Civil Engineering Project','T05','2(0-6-3)\n'),('01203499-65',65,'Civil Engineering Project','T05','2(0-6-3)'),('01204111-60',60,'Computers and Programming\n','T05','3(2-3-6)'),('01204111-65',65,'Computers and Programming','T05','3(2-3-6)'),('01204112-56',56,'Information Technology for Engineers','T05','1(0-2-1)'),('01204112-60',60,'Information Technology for Engineers\n','T05','1(0-2-1)'),('01206221-56',56,'Applied Probability and Statistics for Engineers','T05','3(3-0-6)'),('01208111-56',56,'Engineering Drawing','T05','3(2-3-6)'),('01208111-60',60,'Engineering Drawing\n','T05','3(2-3-6)'),('01208111-65',65,'Engineering Drawing','T05','3(2-3-6)'),('01208221-56',56,'Engineering Mechanics I','T05','3(3-0-6)'),('01208221-60',60,'Engineering Mechanics I','T05','3(3-0-6)'),('01208221-65',65,'Engineering Mechanics I','T05','3(3-0-6)'),('01209211-56',56,'Fluid Mechanics','T05','3(3-0-6)'),('01209211-60',60,'Fluid Mechanics\n','T05','3(3-0-6)'),('01209211-65',65,'Fluid Mechanics','T05','3(3-0-6)'),('01209242-56',56,'Hydrology for Civil Engineering','T05','3(3-0-6)'),('01209242-60',60,'Hydrology for Civil Engineering\n','T05','2(2-0-4)'),('01209242-65',65,'Hydrology for Civil Engineering','T05','2(2-0-4)'),('01209312-56',56,'Fluid Mechanics Laboratory','T05','1(0-3-2)'),('01209312-60',60,'Laboratory for Fluid Mechanics','T05','1(0-3-2)'),('01209312-65',65,'Laboratory for Fluid Mechanics Laboratory','T05','1(0-3-2)'),('01209423 -60',60,'Hydraulic Engineering\n','T05','3(3-0-6)'),('01209423-56',56,'Hydraulic Engineering','T05','3(3-0-6)'),('01209423-65',65,'Hydraulic Engineering','T05','3(3-0-6)'),('01213211 -60',60,'Materials Science for Engineers','T05','3(3-0-6)'),('01213211-56',56,'Materials Science for Engineers','T05','3(3-0-6)'),('01213211-65',65,'Materials Science for Engineers','T05','3(3-0-6)'),('01403114-55',55,'Laboratory in Fundamental of General Chemistry','T13','1(0-3-2)'),('01403114-60',60,'Laboratory in Fundamental of General Chemistry\n','T13,T05','1(0-3-2)'),('01403114-65',65,'Laboratory in Fundamentals of General Chemistry','T13,T05','1(0-3-2)'),('01403117-55',55,'Fundamental of General Chemistry','T13','3(3-0-6)'),('01403117-60',60,'Fundamentals of General Chemistry\n','T13,T05','3(3-0-6)\n'),('01403117-65',65,'Fundamentals of General Chemistry','T13,T05','3(3-0-6)'),('01417167-55',55,'Engineering Mathematics I','','3(3-0-6)'),('01417167-60',60,'Engineering Mathematics I','','3(3-0-6)'),('01417167-65',65,'Engineering Mathematics I','','3(3-0-6)'),('01417168-55',55,'Engineering Mathematics II','','3(3-0-6)'),('01417168-60',60,'Engineering Mathematics II','','3(3-0-6)'),('01417168-65',65,'Engineering Mathematics II','','3(3-0-6)'),('01417267-55',55,'Engineering Mathematics III','','3(3-0-6)'),('01417267-60',60,'Engineering Mathematics III','','3(3-0-6)'),('01417267-65',65,'Engineering Mathematics III','','3(3-0-6)'),('01420111-55',55,'General Physics I','','3(3-0-6)'),('01420111-60',60,'General Physics I','','3(3-0-6)'),('01420111-65',65,'General Physics I','','3(3-0-6)'),('01420112-55',55,'General Physics II','','3(3-0-6)'),('01420112-60',60,'General Physics II','','3(3-0-6)'),('01420112-65',65,'General Physics II','','3(3-0-6)'),('01420113-55',55,'Laboratory in Physics I','','1(0-3-2)'),('01420113-60',60,'Laboratory in Physics I','','1(0-3-2)'),('01420113-65',65,'Laboratory in Physics I','','1(0-3-2)'),('01420114-55',55,'Laboratory in Physics II','','1(0-3-2)'),('01420114-60',60,'Laboratory in Physics II','','1(0-3-2)'),('01420114-65',65,'Laboratory in Physics II','','1(0-3-2)'),('03600390 -60',60,'Co-operative Education Preparation\n','T12','3(3-0-6)'),('03600390-65',65,'Co-operative Education Preparation','T12','3(3-0-6)'),('03600490-55',55,'Cooperative Education','T12','6'),('03600490-60',60,'Co-operative Education\n','T12',''),('03600490-65',65,'Co-operative Education','T12,T13','6'),('03601201-55',55,'Introduction to Electrical Engineering','T13','3(3-0-6)'),('03601201-60',60,'Introduction to Electrical Engineering\n','T13','3(3-0-6)'),('03601201-65',65,'Introduction to Electrical Engineering','T13','3(3-0-6)'),('03601202-55',55,'Electrical Engineering Laboratory I','T13','1(0-3-6)'),('03601202-60',60,'Electrical Engineering Laboratory','T13','1(0-3-2)\n'),('03601202-65',65,'Electrical Engineering Laboratory','T13','1(0-3-2)'),('03601203-55',55,'Electronics for Computer Engineers','T12','3(3-0-6)'),('03601203-60',60,'Electronics for Computer Engineers\n','T12','3(3-0-6)\n'),('03601203-65',65,'Electronics for Computer Engineers','T12','3(3-0-6)'),('03601204-60',60,'Electric Circuit Analysis for Computer Engineers','','3(3-0-6)'),('03601204-65',65,'Electric Circuit Analysis for Computer Engineers','T12','3(3-0-6)'),('03601205-60',60,'Electric Circuit Laboratory for Computer Engineers','','1(0-3-2)'),('03601205-65',65,'Electric Circuit Laboratory for Computer Engineers','T12','1(0-3-2)'),('03601303-55',55,'Electronics Laboratory for Computer Engineers','T12','1(0-3-2)'),('03601303-60',60,'Electronics Laboratory for Computer Engineers\n','T12','1(0-3-2)\n'),('03601303-65',65,'Electronics Laboratory for Computer Engineers','T12','1(0-3-2)'),('03602211-55',55,'Materials Science for Engineers','T13','3(3-0-6)'),('03602211-60',60,'Materials Science for Engineers','T13','3(3-0-6)'),('03602211-65',65,'Materials Science for Engineers','T13','3(3-0-6)'),('03602311-55',55,'Manufacturing Process I','T13','3(3-0-6)'),('03602311-60',60,'Manufacturing Process I','T13','3(3-0-6)'),('03602311-65',65,'Manufacturing Process I','T13','3(3-0-6)'),('03603101-60',60,'Introduction to Computer Programming\n','T13','3(2-3-6)'),('03603101-65',65,'Introduction to Computer Programming','T13','3(2-3-6)'),('03603111-60',60,'Programming Fundamentals I','T12','3(2-3-6)'),('03603111-65',65,'Programming Fundamentals I','T12','3(2-3-6)'),('03603111*-55',55,'Programming Fundamentals I','','3(2-3-6)'),('03603112-55',55,'Programming Fundamentals II','T12','3(2-3-6)'),('03603112-60',60,'Programming Fundamentals II','T12','3(2-3-6)'),('03603112-65',65,'Programming Fundamentals II','T12','3(2-3-6)'),('03603171-60',60,'Introduction to Computer Engineering and Informatics\n','T12','3(3-0-6)\n'),('03603171-65',65,'Introduction to Computer Engineering and Informatics','T12','3(3-0-6)'),('03603211-55',55,'Discrete Mathematics','T12','3(3-0-6)'),('03603211-60',60,'Discrete Mathematics','T12','3(3-0-6)'),('03603211-65',65,'Discrete Mathematics','T12','3(3-0-6)'),('03603212-55',55,'Abstract Data Types and Problem Solving','T12','3(3-0-6)'),('03603212-60',60,'Abstract Data Types and Problem Solving','T12','3(3-0-6)\n'),('03603212-65',65,'Abstract Data Types and Problem Solving','T12','3(3-0-6)'),('03603213-55',55,'Algorithm Design and Analysis','T12','3(3-0-6)'),('03603213-60',60,'Algorithm Design and Analysis\n','T12','3(3-0-6)\n'),('03603213-65',65,'Algorithm Design and Analysis','T12','3(3-0-6)'),('03603214-55',55,'Programming Skills Development Laboratory','T12','1(0-3-2)'),('03603214-60',60,'Programming Skills Development Laboratory','T12','1(0-3-2)\n'),('03603214-65',65,'Programming Skills Development Laboratory','T12','1(0-3-2)'),('03603221-55',55,'Digital Systems Design','T12','3(3-0-6)'),('03603221-60',60,'Digital Systems Design\n','T12','3(3-0-6)\n'),('03603221-65',65,'Digital Systems Design','T12','3(3-0-6)'),('03603222-55',55,'Logic Circuit Laboratory','T12','1(0-3-2)'),('03603222-60',60,'Logic Circuit Laboratory','T12','1(0-3-2)\n'),('03603222-65',65,'Logic Circuit Laboratory','T12','1(0-3-2)'),('03603223-55',55,'Computer Architecture and Organization','T12','3(3-0-6)'),('03603223-60',60,'Computer Architecture and Organization','T12','3(3-0-6)'),('03603223-65',65,'Computer Architecture and Organization','T12','3(3-0-6)'),('03603225-55',55,'Web Technology Laboratory','T12','1(0-3-2)'),('03603241-65',65,'Application Development','T12','3(3-0-6)'),('03603251-55',55,'Database Systems','T12','3(3-0-6)'),('03603251-60',60,'Database Systems','T12','3(3-0-6)\n'),('03603251-65',65,'Database Systems','T12','3(3-0-6)'),('03603252-55',55,'Database Systems Laboratory','T12','1(0-3-2)'),('03603252-60',60,'Database Systems Laboratory\n','T12','1(0-3-2)'),('03603252-65',65,'Database Systems Laboratory','T12','1(0-3-2)'),('03603299-60',60,'Exploratory Project in Computing','T12','1(0-3-2)'),('03603312-55',55,'Probability and Random Processes for Computer Engineers','T12','3(3-0-6)'),('03603312-60',60,'Probability and Statistics for Informatics','T12','3(3-0-6)\n'),('03603312-65',65,'Probability and Statistics for Informatics','T12','3(3-0-6)'),('03603321-55',55,'Microcontroller and Microprocessor System Design','T12','3(3-0-6)'),('03603321-65',65,'Computer Networks Laboratory','T12','3(1-6-6)'),('03603322-55',55,'Computer System Laboratory','T12','1(0-3-2)'),('03603323-55',55,'Embedded Systems','T12','3(3-0-6)'),('03603323-60',60,'Introduction to Embedded Systems','T12','3(3-0-6)'),('03603323-65',65,'Introduction to Embedded Systems','T12','3(3-0-6)'),('03603324-60',60,'Embedded Systems Laboratory','T12','1(0-3-2)'),('03603324-65',65,'Embedded Systems Laboratory','T12','1(0-3-2)'),('03603325-55',55,'Data Communications','T12','3(3-0-6)'),('03603325-60',60,'Data Communicationsand Computer Networks','T12','3(3-0-6)\n'),('03603325-65',65,'Data Communications and Computer Networks','T12','3(3-0-6)'),('03603332 -60',60,'Operating Systems\n','T12','3(3-0-6)'),('03603332-55',55,'Operating Systems','T12','3(3-0-6)'),('03603332-65',65,'Operating Systems','T12','3(3-0-6)'),('0360334-65',65,'Combined Information Technology for Software Development Laboratory','T12','1(0-3-2)'),('03603341 -60',60,'Software Engineering\n','T12','4(3-3-8)'),('03603341-55',55,'Software Engineering','T12','4(3-3-8)'),('03603341-65',65,'Software Engineering','T12','4(3-3-8)'),('03603351-55',55,'Introduction to Data Science','T12','3(3-0-6)'),('03603351-60',60,'Introduction to Data Science\n','T12','3(3-0-6)\n'),('03603351-65',65,'Introduction to Data Science','T12','3(3-0-6)'),('03603352-55',55,'Laws and Ethics in Information Technology','T12','3(3-0-6)'),('03603352-60',60,'Laws and Ethics in Information Technology\n','T12','3(3-0-6)\n'),('03603352-65',65,'Laws and Ethics in Information Technology','T12','3(3-0-6)'),('03603371-55',55,'Digital Signal Processing for Computer Engineers','T12','3(3-0-6)'),('03603371-60',60,'Digital Signal Processing for Computer Engineers','T12','3(3-0-6)\n'),('03603371-65',65,'Application Development for Embedded Devices','T12','3(3-0-6)'),('03603372-55',55,'Digital Image Processing','T12','3(3-0-6)'),('03603372-60',60,'Digital Image Processing\n','T12','3(3-0-6)\n'),('03603381-65',65,'Digital Signal Processing for Computer Engineers','T12','3(3-0-6)'),('03603382-65',65,'Digital Image Processing','T12','3(3-0-6)'),('03603383-65',65,'Digital Identification','T12','3(3-0-6)'),('03603411 -60',60,'Functional Programming','T12','3(3-0-6)\n'),('03603411-55',55,'Functional Programming','T12','3(3-0-6)'),('03603411-65',65,'Functional Programming','T12','3(3-0-6)'),('03603421-55',55,'Computer Networks','T12','3(3-0-6)'),('03603421-60',60,'Internetworking with TCP/IP\n','T12','3(3-0-6)'),('03603421-65',65,'Internetworking with TCP/IP','T12','3(3-0-6)'),('03603422-55',55,'Wireless and Mobile Networks','T12','3(3-0-6)'),('03603422-60',60,'Wireless and Mobile Networks\n','T12','3(3-0-6)\n'),('03603422-65',65,'Wireless and Mobile Networks','T12','3(3-0-6)'),('03603423-55',55,'Network Programming','T12','3(3-0-6)'),('03603423-60',60,'Network Programming','T12','3(3-0-6)'),('03603423-65',65,'Network Programming','T12','3(3-0-6)'),('03603424-55',55,'Computer Networks Laboratory I','T12','1(0-3-2)'),('03603424-60',60,'Computer Networks Laboratory I\n','T12','1(0-3-2)\n'),('03603425-55',55,'Computer Networks Laboratory II','T12','1(0-3-2)'),('03603425-60',60,'Computer Networks Laboratory II\n','T12','1(0-3-2)'),('03603426 -60',60,'Computer Security\n','T12','3(3-0-6)\n'),('03603426-55',55,'Computer Security','T12','3(3-0-6)'),('03603426-65',65,'Cyber Security','T12','3(3-0-6)'),('03603427-55',55,'Mobile Computing','T12','3(3-0-6)'),('03603427-60',60,'Mobile Computing\n','T12','3(3-0-6)\n'),('03603427-65',65,'Mobile Computing','T12','3(3-0-6)'),('03603428 -60',60,'Internet of Things','T12','3(3-0-6)'),('03603428-65',65,'Internet of Things','T12','3(3-0-6)'),('03603429-65',65,'Cryptography and Blockchain Technology','T12','3(3-0-6)'),('03603432-55',55,'Programming Language Concepts','T12','3(3-0-6)'),('03603432-60',60,'Programming Language Concepts','T12','3(3-0-6)\n'),('03603432-65',65,'Programming Language Concepts','T12','3(3-0-6)'),('03603435 -60',60,'Cloud Computing\n','T12','3(3-0-6)\n'),('03603435-60',60,'Cloud Computing\n','T12','3(3-0-6)\n'),('03603435-65',65,'Cloud Computing','T12','3(3-0-6)'),('03603436 -60',60,'Web Application Development','T12','3(3-0-6)\n'),('03603436-65',65,'Web Application Development','T12','3(3-0-6)'),('03603437-55',55,'Mobile Application Development','T12','3(3-0-6)'),('03603437-60',60,'Mobile Application Development','T12','3(3-0-6)'),('03603437-65',65,'Mobile Application Development','T12','3(3-0-6)'),('03603441-55',55,'Object-Oriented Analysis and Design','T12','3(3-0-6)'),('03603441-60',60,'Object-Oriented Analysis and Design','T12','3(3-0-6)\n'),('03603441-65',65,'Software Testing','T12','3(3-0-6)'),('03603451-55',55,'Information Technology Management','T12','3(3-0-6)'),('03603451-60',60,'Information Technology Management','T12','3(3-0-6)'),('03603451-65',65,'Information Technology Management','T12','3(3-0-6)'),('03603452-60',60,'Data Mining\n','T12','3(3-0-6)\n'),('03603452-65',65,'Mining Big Data','T12','3(3-0-6)'),('03603461-55',55,'Artificial Intelligence','T12','3(3-0-6)'),('03603461-60',60,'Artificial Intelligence','T12','3(3-0-6)'),('03603461-65',65,'Artificial Intelligence','T12','3(3-0-6)'),('03603462 -60',60,'Statistical Learning\n','T12','3(3-0-6)\n'),('03603462-60',60,'Statistical Learning\n','T12','3(3-0-6)\n'),('03603462-65',65,'Machine Learning','T12','3(3-0-6)'),('03603463-55',55,'Biologically-Inspired Computational Intelligence','T12','3(3-0-6)'),('03603463-60',60,'Biologically-Inspired Computational Intelligence','T12','3(3-0-6)'),('03603463-65',65,'Biologically-Inspired Computational Intelligence','T12','3(3-0-6)'),('03603464-55',55,'Computer Vision','T12','3(3-0-6)'),('03603464-60',60,'Computer Vision\n','T12','3(3-0-6)\n'),('03603464-65',65,'Computer Vision','T12','3(3-0-6)'),('03603465-65',65,'Natural Language Processing','T12','3(3-0-6)'),('03603471-55',55,'Microcomputer Interfacing','T12','3(3-0-6)'),('03603471-60',60,'Embedded Systems Interfacing','T12','3(3-0-6)\n'),('03603471-65',65,'Embedded Systems Interfacing','T12','3(3-0-6)'),('03603472-65',65,'Industrial Automation and Control','T12','3(3-0-6)'),('03603473-65',65,'Digital Circuit Design with VHDL','T12','3(3-0-6)'),('03603474-65',65,'Real-Time Operating System','T12','3(3-0-6)'),('03603475-65',65,'Sensors and Transducer','T12','3(3-0-6)'),('03603476-65',65,'Embedded System Circuit Design','T12','3(3-0-6)'),('03603481 -60',60,'Computer Graphics','T12','3(3-0-6)\n'),('03603481-55',55,'Computer Graphics','T12','3(3-0-6)'),('03603481-65',65,'Computer Graphics','T12','3(3-0-6)'),('03603482-55',55,'User Experience Design','T12','3(3-0-6)'),('03603482-60',60,'User Experience Design','T12','3(3-0-6)\n'),('03603482-65',65,'User Experience Design','T12','3(3-0-6)'),('03603484-55',55,'Computer Game Development','T12','3(3-0-6)'),('03603484-60',60,'Computer Game Development\n','T12','3(3-0-6)\n'),('03603484-65',65,'Computer Game Development','T12','3(3-0-6)'),('03603485-55',55,'Digital Audio and Computer Music','T12','3(3-0-6)'),('03603485-60',60,'Digital Audio and Computer Music\n','T12','3(3-0-6)\n'),('03603485-65',65,'Digital Audio and Computer Music','T12','3(3-0-6)'),('03603495 -60',60,'Computer Engineering and Informatics Project Preparation','T12','1(0-3-2)\n'),('03603495-55',55,'Computer Engineering and Informatics Project Preparation','T12','1(0-3-2)'),('03603495-65',65,'Computer Engineering and Informatics Project Preparation','T12','1(0-3-2)'),('03603496 -60',60,'Selected Topics in Computer Engineering and Informatics','T12','1-3'),('03603496-55',55,'Selected Topics in Computer Engineering and Informatics','T12','1-3'),('03603496-65',65,'Selected Topics in Computer Engineering and Informatics','T12','1-3'),('03603497-55',55,'Seminar','T12','1'),('03603497-60',60,'Seminar\n','T12','1'),('03603497-65',65,'Seminar','T12','1'),('03603498 -60',60,'Special Problems\n','T12','1-3'),('03603498-55',55,'Special Problems','T12','1-3'),('03603498-65',65,'Special Problems','T12','1-3'),('03603499-55',55,'Computer Engineering and Informatics Project','T12','2(0-6-3)'),('03603499-60',60,'Computer Engineering and Informatics Project\n','T12','2(0-6-3)\n'),('03603499-65',65,'Computer Engineering and Informatics Project','T12','2(0-6-3)'),('03604111-55',55,'Engineering Drawing','','3(2-3-6)'),('03604111-60',60,'Engineering Drawing','','3(2-3-6)\n'),('03604111-65',65,'Engineering Drawing','T12,T13','3(2-3-6)'),('03604201-55',55,'Basic Principles in Engineering Mechanics','T12','3(3-0-6)'),('03604211-55',55,'Principles of Engineering Design','T13','3(2-3-6)'),('03604211-60',60,'Computer Aided Mechanical Engineering Design\n','T13','3(2-3-6)'),('03604211-65',65,'Computer Aided Mechanical Engineering Design','T13','3(2-3-6)'),('03604221-55',55,'Engineering Mechanics I','T13','3(3-0-6)'),('03604221-60',60,'Engineering Mechanics I','T13','3(3-0-6)'),('03604222-55',55,'Engineering Mechanics II','T13','3(3-0-6)'),('03604222-60',60,'Engineering Mechanics II','T13','3(3-0-6)\n'),('03604223-65',65,'Basic Principles of Engineering Mechanics','T13','3(3-0-6)'),('03604241 -60',60,'Thermodynamics I','T13','3(3-0-6)'),('03604241-55',55,'Thermodynamics I','T13','3(3-0-6)'),('03604241-65',65,'Thermodynamics I','T13','3(3-0-6)'),('03604242-55',55,'Fluid Mechanics','T13','3(3-0-6)'),('03604242-60',60,'Fluid Mechanics','T13','3(3-0-6)'),('03604242-65',65,'Fluid Mechanics','T13','3(3-0-6)'),('03604261-55',55,'Mechanics of Materials','T13','3(3-0-6)'),('03604261-60',60,'Mechanics of Materials','T13','3(3-0-6)\n'),('03604261-65',65,'Mechanics of Materials','T13','3(3-0-6)'),('03604262-65',65,'Health Safety and Environment','T13','3(3-0-6)'),('03604271 -60',60,'Introduction to Numerical Methods','T13','3(2-3-6)\n'),('03604271-55',55,'Introduction to Numerical Methods','T13','3(2-3-6)'),('03604271-65',65,'Digital Technology in Mechanical Engineering','T13','3(2-3-6)'),('03604281-55',55,'Workshop Practice','T13','1(0-3-2)'),('03604281-60',60,'Workshop Practice\n','T13','1(0-3-2)'),('03604281-65',65,'Workshop Practice','T13','1(0-3-2)'),('03604301-60',60,'Mechanical Design','T13','4(3-3-8)'),('03604321 -60',60,'Mechanics of Machinery','T13','3(3-0-6)'),('03604321-55',55,'Mechanics of Machinery','T13','3(3-0-6)'),('03604321-65',65,'Mechanics of Machinery','T13','3(3-0-6)'),('03604322-55',55,'Mechanical Vibration','T13','3(3-0-6)'),('03604322-60',60,'Mechanical Vibration','T13','3(3-0-6)'),('03604322-65',65,'Mechanical Vibration','T13','3(3-0-6)'),('03604323 -60',60,'Engineering Measurements','T13','3(3-0-6)'),('03604323-55',55,'Engineering Measurements','T13','3(3-0-6)'),('03604323-65',65,'Engineering Measurements','T13','3(3-0-6)'),('03604331-55',55,'Internal Combustion Engines','T13','3(3-0-6)'),('03604331-60',60,'Internal Combustion Engines','T13','3(3-0-6)'),('03604331-65',65,'Internal Combustion Engines','T13','3(3-0-6)'),('03604332 -60',60,'Mechanics of Vehicles\n','T13','3(3-0-6)'),('03604332-55',55,'Automotive Dynamics','T13','3(3-0-6)'),('03604332-65',65,'Mechanics of Vehicles','T13','3(3-0-6)'),('03604333-60',60,'Vehicle System Design','T13','3(2-3-6)'),('03604333-65',65,'Vehicle System Design','T13','3(2-3-6)'),('03604334-60',60,'Safety for Motor Vehicle\n','T13','3(3-0-6)\n'),('03604334-65',65,'Safety for Motor Vehicle','T13','3(3-0-6)'),('03604341 -60',60,'Thermodynamics II','T13','3(3-0-6)'),('03604341-55',55,'Thermodynamics II','T13','3(3-0-6)'),('03604341-65',65,'Thermodynamics II','T13','3(3-0-6)'),('03604351 -60',60,'Heat Transfer\n','T13','3(3-0-6)'),('03604351-55',55,'Heat Transfer','T13','3(3-0-6)'),('03604351-65',65,'Heat Transfer','T13','3(3-0-6)'),('03604352-55',55,'Refrigeration I','T13','3(3-0-6)'),('03604352-60',60,'Refrigeration I\n\n','T13','3(3-0-6)'),('03604353-65',65,'Refrigeration and Air Conditioning','T13','3(3-0-6)'),('03604361 -60',60,'Machine Design I\n','T13','3(3-0-6)'),('03604361-55',55,'Machine Design I','T13','3(3-0-6)'),('03604361-65',65,'Machine Design I','T13','3(3-0-6)'),('03604371-55',55,'Automatic Control','T13','3(3-0-6)'),('03604371-60',60,'Automatic Control','T13','3(3-0-6)'),('03604371-65',65,'Automatic Control','T13','3(3-0-6)'),('03604381-55',55,'Mechanical Engineering Laboratory I','T13','1(0-3-2)'),('03604381-60',60,'Mechanical Engineering Laboratory I','T13','1(0-3-2)'),('03604381-65',65,'Mechanical Engineering Laboratory I','T13','1(0-3-2)'),('03604382-55',55,'Mechanical Engineering Laboratory II','T13','1(0-3-2)'),('03604382-60',60,'Mechanical Engineering Laboratory II','T13','1(0-3-2)\n'),('03604382-65',65,'Mechanical Engineering Laboratory II','T13','1(0-3-2)'),('03604432-55',55,'Automotive Powertrains','T13','3(3-0-6)'),('03604432-60',60,'Automotive Powertrains','T13','3(3-0-6)\n'),('03604432-65',65,'Automotive Powertrains','T13','3(3-0-6)'),('03604433-55',55,'Automotive Chassis','T13','3(3-0-6)'),('03604433-60',60,'Automotive Chassis\n','T13','3(3-0-6)'),('03604433-65',65,'Automotive Chassis','T13','3(3-0-6)'),('03604435 -60',60,'Machinery Management','T13','3(3-0-6)'),('03604435-55',55,'Machinery Management','T13','3(3-0-6)'),('03604435-65',65,'Machinery Management','T13','3(3-0-6)'),('03604437-65',65,'Lubrication','T13','3(3-0-6)'),('03604441-55',55,'Fluid Machinery','T13','3(3-0-6)'),('03604441-60',60,'Fluid Machinery\n','T13','3(3-0-6)'),('03604441-65',65,'Fluid Machinery','T13','3(3-0-6)'),('03604442-55',55,'Power Plant Engineering','T13','3(3-0-6)'),('03604442-60',60,'Power Plant Engineering','T13','3(3-0-6)\n'),('03604442-65',65,'Power Plant Engineering','T13','3(3-0-6)'),('03604444-55',55,'Solar Energy','T13','3(3-0-6)'),('03604444-60',60,'Solar Energy','T13','3(3-0-6)'),('03604444-65',65,'Solar Energy','T13','3(3-0-6)'),('03604445-55',55,'Gas Turbines','T13','3(3-0-6)'),('03604445-60',60,'Gas Turbines','T13','3(3-0-6)'),('03604445-65',65,'Gas Turbines','T13','3(3-0-6)'),('03604451 -60',60,'Air Conditioning\n','T13','3(3-0-6)'),('03604451-55',55,'Air Conditioning','T13','3(3-0-6)'),('03604453-55',55,'Computational Fluid Dynamics','T13','3(3-0-6)'),('03604453-60',60,'Computational Fluid Dynamics','T13','3(3-0-6)\n'),('03604453-65',65,'Computational Fluid Dynamics','T13','3(3-0-6)'),('03604461 -60',60,'Machine Design II','T13','3(2-3-6)'),('03604461-55',55,'Machine Design II','T13','3(2-3-6)'),('03604461-65',65,'Machine Design II','T13','3(2-3-6)'),('03604462 -60',60,'Principles of Fire Safety','T13','3(3-0-6)'),('03604462-55',55,'Principles of Fire Safety','T13','3(3-0-6)'),('03604462-65',65,'Principles of Fire Safety','T13','3(3-0-6)'),('03604463-55',55,'Design of Water-Based Fire Protection Systems','T13','3(3-0-6)'),('03604463-60',60,'Design of Water-Based Fire Protection Systems\n','T13','3(3-0-6)\n'),('03604463-65',65,'Design of Water-Based Fire Protection Systems','T13','3(3-0-6)'),('03604465 -60',60,'Plumbing System Design','T13','3(3-0-6)'),('03604465-55',55,'Plumbing System Design','T13','3(3-0-6)'),('03604465-65',65,'Plumbing System Design','T13','3(3-0-6)'),('03604466-60',60,'Designof Smoke Control Systems\n','T13','3(3-0-6)'),('03604466-65',65,'Design of Smoke Control Systems','T13','3(3-0-6)'),('03604471-65',65,'Robots, Artificial Intelligence, and Internet of Things','T13','3(3-0-6)'),('03604495 -60',60,'Mechanical and Design Engineering Project Preparation\n','T13','1(0-3-2)'),('03604495-55',55,'Mechanical and Design Engineering Project Preparation','T13','1(0-3-2)'),('03604495-65',65,'Mechanical and Design Engineering Project Preparation','T13','1(0-3-2)'),('03604496 -60',60,'Selected Topics in Mechanical and Design Engineering\n','T13','3(3-0-6)\n'),('03604496-55',55,'Selected Topics in Mechanical and Design Engineering','T13','3(3-0-6)'),('03604496-65',65,'Selected Topics in Mechanical and Design Engineering','T13','3(3-0-6)'),('03604497-55',55,'Seminar','T13','1'),('03604497-60',60,'Seminar\n','T13','1'),('03604497-65',65,'Seminar','T13','1(1-0-2)'),('03604498-55',55,'Special Problems','T13','1-3'),('03604498-60',60,'Special Problems\n','T13','1-3'),('03604498-65',65,'Special Problems','T13','1-3'),('03604499-55',55,'Mechanical and Design Engineering Project','T13','2(0-6-3)'),('03604499-60',60,'Mechanical and Design Engineering Project','T13','2(0-6-3)\n'),('03604499-65',65,'Mechanical and Design Engineering Project','T13','2(0-6-3)'),('03606421-65',65,'Advanced Concrete Technology','T05','3(3-0-6)'),('03606461-65',65,'Applications of Building Information Modeling in Construction','T05','3(2-3-6)'),('03606481-65',65,'Coastal Engineering','T05','3(3-0-6)');
/*!40000 ALTER TABLE `subject` ENABLE KEYS */;
UNLOCK TABLES;

--
-- Table structure for table `teacher`
--

DROP TABLE IF EXISTS `teacher`;
/*!40101 SET @saved_cs_client     = @@character_set_client */;
/*!50503 SET character_set_client = utf8mb4 */;
CREATE TABLE `teacher` (
  `teacherID` int NOT NULL,
  `teacherName` text NOT NULL,
  `teacherMail` text NOT NULL,
  `teacherFaculty` text NOT NULL,
  PRIMARY KEY (`teacherID`)
) ENGINE=InnoDB DEFAULT CHARSET=utf8mb4 COLLATE=utf8mb4_0900_ai_ci;
/*!40101 SET character_set_client = @saved_cs_client */;

--
-- Dumping data for table `teacher`
--

LOCK TABLES `teacher` WRITE;
/*!40000 ALTER TABLE `teacher` DISABLE KEYS */;
INSERT INTO `teacher` VALUES (1,'Vacharapat Mettanant','vacharapat@eng.src.ku.ac.th','ภาควิชาวิศวกรรมคอมพิวเตอร์'),(2,'Natthapon Pannurat','natthapon.p@eng.src.ku.ac.th','ภาควิชาวิศวกรรมคอมพิวเตอร์'),(3,'Jirawat Jitprasutwit','jirawat@eng.src.ku.ac.th','ภาควิชาวิศวกรรมคอมพิวเตอร์'),(4,'Anan Banharnsakun','anan@eng.src.ku.ac.th','ภาควิชาวิศวกรรมคอมพิวเตอร์'),(5,'Prawit ChumChu','prawit@eng.src.ku.ac.th','ภาควิชาวิศวกรรมคอมพิวเตอร์'),(6,'Penpun Chaihuadjaroen','penpun@eng.src.ku.ac.th','ภาควิชาวิศวกรรมคอมพิวเตอร์'),(7,'Kanjana Eiamsaard','kanjana@eng.src.ku.ac.th','ภาควิชาวิศวกรรมคอมพิวเตอร์'),(8,'Nut Aroon','nut@eng.src.ku.ac.th','ภาควิชาวิศวกรรมคอมพิวเตอร์'),(9,'Tamnuwat Valeeprakhon','tamnuwat@eng.src.ku.ac.th','ภาควิชาวิศวกรรมคอมพิวเตอร์'),(10,'Adisak Supeesun','adisak@eng.src.ku.ac.th','ภาควิชาวิศวกรรมคอมพิวเตอร์'),(11,'Kulwadee Somboonviwat','kulwadee@eng.src.ku.ac.th','ภาควิชาวิศวกรรมคอมพิวเตอร์'),(12,'Korawit Orkphol','korawit@eng.src.ku.ac.th','ภาควิชาวิศวกรรมคอมพิวเตอร์'),(13,'Nanta Janpitak','nanta@eng.src.ku.ac.th','ภาควิชาวิศวกรรมคอมพิวเตอร์'),(14,'Taneeya Satyapanich','taneeya@eng.src.ku.ac.th','ภาควิชาวิศวกรรมคอมพิวเตอร์'),(15,'Pairat Sroytong','pairat@eng.src.ku.ac.th','ภาควิชาวิศวกรรมคอมพิวเตอร์'),(16,'Montri Phothisonothai','montri@eng.src.ku.ac.th','ภาควิชาวิศวกรรมคอมพิวเตอร์'),(17,'Poonna Yospanya','poonna@eng.src.ku.ac.th','ภาควิชาวิศวกรรมคอมพิวเตอร์'),(18,'Prasitthichai Naronglerdrit','prasitthichai@eng.src.ku.ac.th','ภาควิชาวิศวกรรมคอมพิวเตอร์'),(19,'Kathawach Satianpakiranakorn','kathawach@eng.src.ku.ac.th','ภาควิชาวิศวกรรมคอมพิวเตอร์'),(20,'Pongsatorn Thomya','pongsatorn.t@eng.src.ku.ac.th','ภาควิชาวิศวกรรมคอมพิวเตอร์'),(21,'Tanet Wonghong','tanet@eng.src.ku.ac.th','ภาควิชาวิศวกรรมไฟฟ้า'),(22,'Pairote Thongprasri','pairote@eng.src.ku.ac.th','ภาควิชาวิศวกรรมไฟฟ้า'),(23,'Veerapol Monyakul','veerapol@eng.src.ku.ac.th','ภาควิชาวิศวกรรมไฟฟ้า'),(24,'Uthane Supatti','uthane@eng.src.ku.ac.th','ภาควิชาวิศวกรรมไฟฟ้า'),(25,'Suphattharachai Chomphan','suphattharachai@eng.src.ku.ac.th','ภาควิชาวิศวกรรมไฟฟ้า'),(26,'Prechanon Kumkratug','prechanon@eng.src.ku.ac.th','ภาควิชาวิศวกรรมไฟฟ้า'),(27,'Nattaya Klairuang','nattaya@eng.src.ku.ac.th','ภาควิชาวิศวกรรมไฟฟ้า'),(28,'Sarinee Ouitrakul','sarinee@eng.src.ku.ac.th','ภาควิชาวิศวกรรมไฟฟ้า'),(29,'Sirichai Wattanasophon','sirichai@eng.src.ku.ac.th','ภาควิชาวิศวกรรมไฟฟ้า'),(30,'Wason Tanjaroen','wason@eng.src.ku.ac.th','ภาควิชาวิศวกรรมไฟฟ้า'),(31,'Umarin Sangpanich','umarin@eng.src.ku.ac.th','ภาควิชาวิศวกรรมไฟฟ้า'),(32,'Chairerg Jakpattanajit','chairerg@eng.src.ku.ac.th','ภาควิชาวิศวกรรมไฟฟ้า'),(33,'Songchai Jitpakdeebodin','songchai@eng.src.ku.ac.th','ภาควิชาวิศวกรรมไฟฟ้า'),(34,'Nattapon Boonyapakdee','nattapon.b@eng.src.ku.ac.th','ภาควิชาวิศวกรรมไฟฟ้า'),(35,'Paisak Poolphaka','paisak@eng.src.ku.ac.th','ภาควิชาวิศวกรรมไฟฟ้า'),(36,'Theeraphong Srichiangsa','theeraphong@eng.src.ku.ac.th','ภาควิชาวิศวกรรมไฟฟ้า'),(37,'Kirote Arpanutud','kirote@eng.src.ku.ac.th','ภาควิชาวิศวกรรมไฟฟ้า'),(38,'Piyapath Siratarnsophon','piyapath@eng.src.ku.ac.th','ภาควิชาวิศวกรรมไฟฟ้า'),(39,'Wasan Sinthuyot','wasan@eng.src.ku.ac.th','ภาควิชาวิศวกรรมไฟฟ้า'),(40,'Komsan Sununrungangkana','komsan@eng.src.ku.ac.th','ภาควิชาวิศวกรรมไฟฟ้า'),(41,'Sathaporn Chuepeng','schuepeng@eng.src.ku.ac.th','ภาควิชาวิศวกรรมเครื่องกล'),(42,'Nattapon Chantarapanich','nattapon@eng.src.ku.ac.th','ภาควิชาวิศวกรรมเครื่องกล'),(43,'Ob Nilaphai','ob@eng.src.ku.ac.th','ภาควิชาวิศวกรรมเครื่องกล'),(44,'Jirarote Buranarote','jirarote@eng.src.ku.ac.th','ภาควิชาวิศวกรรมเครื่องกล'),(45,'Suabsakul Gururatana','suabsakul@eng.src.ku.ac.th','ภาควิชาวิศวกรรมเครื่องกล'),(46,'Rotchana Prapainop','rotchana@eng.src.ku.ac.th','ภาควิชาวิศวกรรมเครื่องกล'),(47,'Karan Sengpanich','karan.sengpanich@gmail.com','ภาควิชาวิศวกรรมเครื่องกล'),(48,'Poranat Visuwan','poranat@eng.src.ku.ac.th','ภาควิชาวิศวกรรมเครื่องกล'),(49,'Sompop Jarungthammachote','sompop@eng.src.ku.ac.th','ภาควิชาวิศวกรรมเครื่องกล'),(50,'Boonthum Wongchai','boonthum@eng.src.ku.ac.th','ภาควิชาวิศวกรรมเครื่องกล'),(51,'Supat Patvichaichod','supat@eng.src.ku.ac.th','ภาควิชาวิศวกรรมเครื่องกล'),(52,'Prateep Chaisermtawan','prateep@eng.src.ku.ac.th','ภาควิชาวิศวกรรมเครื่องกล'),(53,'Sompol Skullong','sompol@eng.src.ku.ac.th','ภาควิชาวิศวกรรมเครื่องกล'),(54,'Rattapol Sakornsin','rattapol@eng.src.ku.ac.th','ภาควิชาวิศวกรรมเครื่องกล'),(55,'Sujin Wanchat','sujin@eng.src.ku.ac.th','ภาควิชาวิศวกรรมเครื่องกล'),(56,'Kittipong Yaovaja','kittipong@eng.src.ku.ac.th','ภาควิชาวิศวกรรมเครื่องกล'),(57,'Pongsakon Bamrungthai','pongsakon@eng.src.ku.ac.th','ภาควิชาวิศวกรรมเครื่องกล'),(58,'Manida Tongroon','manida@eng.src.ku.ac.th','ภาควิชาวิศวกรรมเครื่องกล'),(59,'Rodolphe Perrin','rodolphe@eng.src.ku.ac.th','ภาควิชาวิศวกรรมเครื่องกล'),(60,'Sakda Thongchai','sakda@eng.src.ku.ac.th','ภาควิชาวิศวกรรมเครื่องกล'),(61,'Attaphon Chaimanatsakun','attaphon@eng.src.ku.ac.th','ภาควิชาวิศวกรรมเครื่องกล'),(62,'Sutartip Wittayapiyanon','sutartip@eng.src.ku.ac.th','ภาควิชาวิศวกรรมเครื่องกล'),(63,'Theepakorn Kaewsa-ang','theepakorn@eng.src.ku.ac.th','ภาควิชาวิศวกรรมเครื่องกล'),(64,'Pongthep Charoenchaow','pongthep@eng.src.ku.ac.th','ภาควิชาวิศวกรรมเครื่องกล'),(65,'Jakkarin Klunngien','jakkarin@eng.src.ku.ac.th','ภาควิชาวิศวกรรมอุตสาหการ'),(66,'Nantawut Sriariyawat','nantawut@eng.src.ku.ac.th','ภาควิชาวิศวกรรมอุตสาหการ'),(67,'Prapapan Ketsarapong','prapapan@eng.src.ku.ac.th','ภาควิชาวิศวกรรมอุตสาหการ'),(68,'Jiraporn Pradabwong','jiraporn@eng.src.ku.ac.th','ภาควิชาวิศวกรรมอุตสาหการ'),(69,'Chettha Chamnanlor','chettha@eng.src.ku.ac.th','ภาควิชาวิศวกรรมอุตสาหการ'),(70,'Chaiwat Numthong','chaiwat@eng.src.ku.ac.th','ภาควิชาวิศวกรรมอุตสาหการ'),(71,'Natthavika Chansri','natthavika@eng.src.ku.ac.th','ภาควิชาวิศวกรรมอุตสาหการ'),(72,'Pensuda Phanritdum','pensuda@eng.src.ku.ac.th','ภาควิชาวิศวกรรมอุตสาหการ'),(73,'Sirirat Juttijudata','sirirat@eng.src.ku.ac.th','ภาควิชาวิศวกรรมอุตสาหการ'),(74,'Sirang Klankamsorn','sirang@eng.src.ku.ac.th','ภาควิชาวิศวกรรมอุตสาหการ'),(75,'Janjira Kongchuenjai','janjira_k@eng.src.ku.ac.th','ภาควิชาวิศวกรรมอุตสาหการ'),(76,'Thanapan Kongtong','thanapan@eng.src.ku.ac.th','ภาควิชาวิศวกรรมอุตสาหการ'),(77,'Chirakiat Saithong','chirakiat@eng.src.ku.ac.th','ภาควิชาวิศวกรรมอุตสาหการ'),(78,'Thittikorn Phattanaphibul','thittikorn@eng.src.ku.ac.th','ภาควิชาวิศวกรรมอุตสาหการ'),(79,'Chakapan Chanpilom','chakapan@eng.src.ku.ac.th','ภาควิชาวิศวกรรมอุตสาหการ'),(80,'Sophin Plodthao','sophin@eng.src.ku.ac.th','ภาควิชาวิศวกรรมอุตสาหการ'),(81,'Daraporn Phusing','daraporn@eng.src.ku.ac.th','ภาควิชาวิศวกรรมโยธา'),(82,'Anuwat Attachaiyawuth','anuwat@eng.src.ku.ac.th','ภาควิชาวิศวกรรมโยธา'),(83,'Watcharin Witayakul','-','ภาควิชาวิศวกรรมโยธา'),(84,'Tawatchai Tingsanchali','tawatchai@eng.src.ku.ac.th','ภาควิชาวิศวกรรมโยธา'),(85,'Thanapol Yanweerasak','thanapol@eng.src.ku.ac.th','ภาควิชาวิศวกรรมโยธา'),(86,'Pulpong Pongvithayapanu','pulpong@eng.src.ku.ac.th','ภาควิชาวิศวกรรมโยธา'),(87,'Sakaradhorn Boontaveeyuwat','sakaradhorn@eng.src.ku.ac.th','ภาควิชาวิศวกรรมโยธา'),(88,'Supatchaya Chuanpongpanich','supatchaya@eng.src.ku.ac.th','ภาควิชาวิศวกรรมโยธา'),(89,'Narongrit Wongwai','narongrit@eng.src.ku.ac.th','ภาควิชาวิศวกรรมโยธา'),(90,'Sakaradhorn Boontaveeyuwat','sakaradhorn@eng.src.ku.ac.th','ภาควิชาวิศวกรรมโยธา'),(91,'Thanasit Promping','thanasit@eng.src.ku.ac.th','ภาควิชาวิศวกรรมโยธา'),(92,'Chutipat Fayhirun','chutipat@eng.src.ku.ac.th','ภาควิชาวิศวกรรมโยธา'),(93,'Piyapong Srirat','piyapong@eng.src.ku.ac.th','ภาควิชาวิศวกรรมโยธา'),(94,'Burachat Kasuyee','burachat@eng.src.ku.ac.th','ภาควิชาวิศวกรรมโยธา'),(95,'Porjan Tuttipongsawat','porjan@eng.src.ku.ac.th','ภาควิชาวิศวกรรมโยธา'),(96,'Sutasinee Intui','sutasinee@eng.src.ku.ac.th','ภาควิชาวิศวกรรมโยธา'),(97,'Niyom Saenmontree','niyom@eng.src.ku.ac.th','ภาควิชาวิศวกรรมโยธา'),(98,'Sathapat Arriworaphon','sathapat@eng.src.ku.ac.th','ภาควิชาวิศวกรรมโยธา'),(99,'Totsatum Duoadkhunthod','totsatam@eng.src.ku.ac.th','ภาควิชาวิศวกรรมโยธา');
/*!40000 ALTER TABLE `teacher` ENABLE KEYS */;
UNLOCK TABLES;

--
-- Table structure for table `users`
--

DROP TABLE IF EXISTS `users`;
/*!40101 SET @saved_cs_client     = @@character_set_client */;
/*!50503 SET character_set_client = utf8mb4 */;
CREATE TABLE `users` (
  `user_id` int NOT NULL AUTO_INCREMENT,
  `user_name` varchar(100) NOT NULL,
  `user_faculty` varchar(100) DEFAULT NULL,
  `user_department` varchar(100) DEFAULT NULL,
  `user_email` varchar(100) NOT NULL,
  `user_phone` varchar(100) DEFAULT NULL,
  `user_role` varchar(100) NOT NULL,
  PRIMARY KEY (`user_id`,`user_name`,`user_email`)
) ENGINE=InnoDB AUTO_INCREMENT=108 DEFAULT CHARSET=utf8mb3;
/*!40101 SET character_set_client = @saved_cs_client */;

--
-- Dumping data for table `users`
--

LOCK TABLES `users` WRITE;
/*!40000 ALTER TABLE `users` DISABLE KEYS */;
INSERT INTO `users` VALUES (1,'Vacharapat Mettanant','ENGINEERING AT SRIRACHA','Computer Engineering','vacharapat@eng.src.ku.ac.th','','Teacher'),(2,'Natthapon Pannurat','ENGINEERING AT SRIRACHA','Computer Engineering','natthapon.p@eng.src.ku.ac.th','','Teacher'),(3,'Jirawat Jitprasutwit','ENGINEERING AT SRIRACHA','Computer Engineering','jirawat@eng.src.ku.ac.th','','Teacher'),(4,'Anan Banharnsakun','ENGINEERING AT SRIRACHA','Computer Engineering','anan@eng.src.ku.ac.th','','Teacher'),(5,'Prawit ChumChu','ENGINEERING AT SRIRACHA','Computer Engineering','prawit@eng.src.ku.ac.th','','Teacher'),(6,'Penpun Chaihuadjaroen','ENGINEERING AT SRIRACHA','Computer Engineering','penpun@eng.src.ku.ac.th','','Teacher'),(7,'Kanjana Eiamsaard','ENGINEERING AT SRIRACHA','Computer Engineering','kanjana@eng.src.ku.ac.th','','Teacher'),(8,'Nut Aroon','ENGINEERING AT SRIRACHA','Computer Engineering','nut@eng.src.ku.ac.th','','Teacher'),(9,'Tamnuwat Valeeprakhon','ENGINEERING AT SRIRACHA','Computer Engineering','tamnuwat@eng.src.ku.ac.th','','Teacher'),(10,'Adisak Supeesun','ENGINEERING AT SRIRACHA','Computer Engineering','adisak@eng.src.ku.ac.th','','Teacher'),(11,'Kulwadee Somboonviwat','ENGINEERING AT SRIRACHA','Computer Engineering','kulwadee@eng.src.ku.ac.th','','Teacher'),(12,'Korawit Orkphol','ENGINEERING AT SRIRACHA','Computer Engineering','korawit@eng.src.ku.ac.th','','Teacher'),(13,'Nanta Janpitak','ENGINEERING AT SRIRACHA','Computer Engineering','nanta@eng.src.ku.ac.th','','Teacher'),(14,'Taneeya Satyapanich','ENGINEERING AT SRIRACHA','Computer Engineering','taneeya@eng.src.ku.ac.th','','Teacher'),(15,'Pairat Sroytong','ENGINEERING AT SRIRACHA','Computer Engineering','pairat@eng.src.ku.ac.th','','Teacher'),(16,'Montri Phothisonothai','ENGINEERING AT SRIRACHA','Computer Engineering','montri@eng.src.ku.ac.th','','Teacher'),(17,'Poonna Yospanya','ENGINEERING AT SRIRACHA','Computer Engineering','poonna@eng.src.ku.ac.th','','Teacher'),(18,'Prasitthichai Naronglerdrit','ENGINEERING AT SRIRACHA','Computer Engineering','prasitthichai@eng.src.ku.ac.th','','Teacher'),(19,'Kathawach Satianpakiranakorn','ENGINEERING AT SRIRACHA','Computer Engineering','kathawach@eng.src.ku.ac.th','','Teacher'),(20,'Pongsatorn Thomya','ENGINEERING AT SRIRACHA','Computer Engineering','pongsatorn.t@eng.src.ku.ac.th','','Teacher'),(21,'Tanet Wonghong','ENGINEERING AT SRIRACHA','Computer Engineering','tanet@eng.src.ku.ac.th','','Teacher'),(22,'Pairote Thongprasri','ENGINEERING AT SRIRACHA','Computer Engineering','pairote@eng.src.ku.ac.th','','Teacher'),(23,'Veerapol Monyakul','ENGINEERING AT SRIRACHA','Computer Engineering','veerapol@eng.src.ku.ac.th','','Teacher'),(24,'Uthane Supatti','ENGINEERING AT SRIRACHA','Electrical Engineering','uthane@eng.src.ku.ac.th','','Teacher'),(25,'Suphattharachai Chomphan','ENGINEERING AT SRIRACHA','Electrical Engineering','suphattharachai@eng.src.ku.ac.th','','Teacher'),(26,'Prechanon Kumkratug','ENGINEERING AT SRIRACHA','Electrical Engineering','prechanon@eng.src.ku.ac.th','','Teacher'),(27,'Nattaya Klairuang','ENGINEERING AT SRIRACHA','Electrical Engineering','nattaya@eng.src.ku.ac.th','','Teacher'),(28,'Sarinee Ouitrakul','ENGINEERING AT SRIRACHA','Electrical Engineering','sarinee@eng.src.ku.ac.th','','Teacher'),(29,'Sirichai Wattanasophon','ENGINEERING AT SRIRACHA','Electrical Engineering','sirichai@eng.src.ku.ac.th','','Teacher'),(30,'Wason Tanjaroen','ENGINEERING AT SRIRACHA','Electrical Engineering','wason@eng.src.ku.ac.th','','Teacher'),(31,'Umarin Sangpanich','ENGINEERING AT SRIRACHA','Electrical Engineering','umarin@eng.src.ku.ac.th','','Teacher'),(32,'Chairerg Jakpattanajit','ENGINEERING AT SRIRACHA','Electrical Engineering','chairerg@eng.src.ku.ac.th','','Teacher'),(33,'Songchai Jitpakdeebodin','ENGINEERING AT SRIRACHA','Electrical Engineering','songchai@eng.src.ku.ac.th','','Teacher'),(34,'Nattapon Boonyapakdee','ENGINEERING AT SRIRACHA','Electrical Engineering','nattapon.b@eng.src.ku.ac.th','','Teacher'),(35,'Paisak Poolphaka','ENGINEERING AT SRIRACHA','Electrical Engineering','paisak@eng.src.ku.ac.th','','Teacher'),(36,'Theeraphong Srichiangsa','ENGINEERING AT SRIRACHA','Electrical Engineering','theeraphong@eng.src.ku.ac.th','','Teacher'),(37,'Kirote Arpanutud','ENGINEERING AT SRIRACHA','Electrical Engineering','kirote@eng.src.ku.ac.th','','Teacher'),(38,'Piyapath Siratarnsophon','ENGINEERING AT SRIRACHA','Electrical Engineering','piyapath@eng.src.ku.ac.th','','Teacher'),(39,'Wasan Sinthuyot','ENGINEERING AT SRIRACHA','Electrical Engineering','wasan@eng.src.ku.ac.th','','Teacher'),(40,'Komsan Sununrungangkana','ENGINEERING AT SRIRACHA','Electrical Engineering','komsan@eng.src.ku.ac.th','','Teacher'),(41,'Sathaporn Chuepeng','ENGINEERING AT SRIRACHA','Mechanical Engineering','schuepeng@eng.src.ku.ac.th','','Teacher'),(42,'Nattapon Chantarapanich','ENGINEERING AT SRIRACHA','Mechanical Engineering','nattapon@eng.src.ku.ac.th','','Teacher'),(43,'Ob Nilaphai','ENGINEERING AT SRIRACHA','Mechanical Engineering','ob@eng.src.ku.ac.th','','Teacher'),(44,'Jirarote Buranarote','ENGINEERING AT SRIRACHA','Mechanical Engineering','jirarote@eng.src.ku.ac.th','','Teacher'),(45,'Suabsakul Gururatana','ENGINEERING AT SRIRACHA','Mechanical Engineering','suabsakul@eng.src.ku.ac.th','','Teacher'),(46,'Rotchana Prapainop','ENGINEERING AT SRIRACHA','Mechanical Engineering','rotchana@eng.src.ku.ac.th','','Teacher'),(47,'Karan Sengpanich','ENGINEERING AT SRIRACHA','Mechanical Engineering','karan.sengpanich@gmail.com','','Teacher'),(48,'Poranat Visuwan','ENGINEERING AT SRIRACHA','Mechanical Engineering','poranat@eng.src.ku.ac.th','','Teacher'),(49,'Sompop Jarungthammachote','ENGINEERING AT SRIRACHA','Mechanical Engineering','sompop@eng.src.ku.ac.th','','Teacher'),(50,'Boonthum Wongchai','ENGINEERING AT SRIRACHA','Mechanical Engineering','boonthum@eng.src.ku.ac.th','','Teacher'),(51,'Supat Patvichaichod','ENGINEERING AT SRIRACHA','Mechanical Engineering','supat@eng.src.ku.ac.th','','Teacher'),(52,'Prateep Chaisermtawan','ENGINEERING AT SRIRACHA','Mechanical Engineering','prateep@eng.src.ku.ac.th','','Teacher'),(53,'Sompol Skullong','ENGINEERING AT SRIRACHA','Mechanical Engineering','sompol@eng.src.ku.ac.th','','Teacher'),(54,'Rattapol Sakornsin','ENGINEERING AT SRIRACHA','Mechanical Engineering','rattapol@eng.src.ku.ac.th','','Teacher'),(55,'Sujin Wanchat','ENGINEERING AT SRIRACHA','Mechanical Engineering','sujin@eng.src.ku.ac.th','','Teacher'),(56,'Kittipong Yaovaja','ENGINEERING AT SRIRACHA','Mechanical Engineering','kittipong@eng.src.ku.ac.th','','Teacher'),(57,'Pongsakon Bamrungthai','ENGINEERING AT SRIRACHA','Mechanical Engineering','pongsakon@eng.src.ku.ac.th','','Teacher'),(58,'Manida Tongroon','ENGINEERING AT SRIRACHA','Mechanical Engineering','manida@eng.src.ku.ac.th','','Teacher'),(59,'Rodolphe Perrin','ENGINEERING AT SRIRACHA','Mechanical Engineering','rodolphe@eng.src.ku.ac.th','','Teacher'),(60,'Sakda Thongchai','ENGINEERING AT SRIRACHA','Mechanical Engineering','sakda@eng.src.ku.ac.th','','Teacher'),(61,'Attaphon Chaimanatsakun','ENGINEERING AT SRIRACHA','Mechanical Engineering','attaphon@eng.src.ku.ac.th','','Teacher'),(62,'Sutartip Wittayapiyanon','ENGINEERING AT SRIRACHA','Mechanical Engineering','sutartip@eng.src.ku.ac.th','','Teacher'),(63,'Theepakorn Kaewsa-ang','ENGINEERING AT SRIRACHA','Mechanical Engineering','theepakorn@eng.src.ku.ac.th','','Teacher'),(64,'Pongthep Charoenchaow','ENGINEERING AT SRIRACHA','Mechanical Engineering','pongthep@eng.src.ku.ac.th','','Teacher'),(65,'Jakkarin Klunngien','ENGINEERING AT SRIRACHA','Industrial Engineering','jakkarin@eng.src.ku.ac.th','','Teacher'),(66,'Nantawut Sriariyawat','ENGINEERING AT SRIRACHA','Industrial Engineering','nantawut@eng.src.ku.ac.th','','Teacher'),(67,'Prapapan Ketsarapong','ENGINEERING AT SRIRACHA','Industrial Engineering','prapapan@eng.src.ku.ac.th','','Teacher'),(68,'Jiraporn Pradabwong','ENGINEERING AT SRIRACHA','Industrial Engineering','jiraporn@eng.src.ku.ac.th','','Teacher'),(69,'Chettha Chamnanlor','ENGINEERING AT SRIRACHA','Industrial Engineering','chettha@eng.src.ku.ac.th','','Teacher'),(70,'Chaiwat Numthong','ENGINEERING AT SRIRACHA','Industrial Engineering','chaiwat@eng.src.ku.ac.th','','Teacher'),(71,'Natthavika Chansri','ENGINEERING AT SRIRACHA','Industrial Engineering','natthavika@eng.src.ku.ac.th','','Teacher'),(72,'Pensuda Phanritdum','ENGINEERING AT SRIRACHA','Industrial Engineering','pensuda@eng.src.ku.ac.th','','Teacher'),(73,'Sirirat Juttijudata','ENGINEERING AT SRIRACHA','Industrial Engineering','sirirat@eng.src.ku.ac.th','','Teacher'),(74,'Sirang Klankamsorn','ENGINEERING AT SRIRACHA','Industrial Engineering','sirang@eng.src.ku.ac.th','','Teacher'),(75,'Janjira Kongchuenjai','ENGINEERING AT SRIRACHA','Industrial Engineering','janjira_k@eng.src.ku.ac.th','','Teacher'),(76,'Thanapan Kongtong','ENGINEERING AT SRIRACHA','Industrial Engineering','thanapan@eng.src.ku.ac.th','','Teacher'),(77,'Chirakiat Saithong','ENGINEERING AT SRIRACHA','Industrial Engineering','chirakiat@eng.src.ku.ac.th','','Teacher'),(78,'Thittikorn Phattanaphibul','ENGINEERING AT SRIRACHA','Industrial Engineering','thittikorn@eng.src.ku.ac.th','','Teacher'),(79,'Chakapan Chanpilom','ENGINEERING AT SRIRACHA','Industrial Engineering','chakapan@eng.src.ku.ac.th','','Teacher'),(80,'Sophin Plodthao','ENGINEERING AT SRIRACHA','Industrial Engineering','sophin@eng.src.ku.ac.th','','Teacher'),(81,'Daraporn Phusing','ENGINEERING AT SRIRACHA','Civil Engineering','daraporn@eng.src.ku.ac.th','','Teacher'),(82,'Anuwat Attachaiyawuth','ENGINEERING AT SRIRACHA','Civil Engineering','anuwat@eng.src.ku.ac.th','','Teacher'),(83,'Watcharin Witayakul','ENGINEERING AT SRIRACHA','Civil Engineering','watcharin@eng.src.ku.ac.th','','Teacher'),(84,'Tawatchai Tingsanchali','ENGINEERING AT SRIRACHA','Civil Engineering','tawatchai@eng.src.ku.ac.th','','Teacher'),(85,'Thanapol Yanweerasak','ENGINEERING AT SRIRACHA','Civil Engineering','thanapol@eng.src.ku.ac.th','','Teacher'),(86,'Pulpong Pongvithayapanu','ENGINEERING AT SRIRACHA','Civil Engineering','pulpong@eng.src.ku.ac.th','','Teacher'),(87,'Sakaradhorn Boontaveeyuwat','ENGINEERING AT SRIRACHA','Civil Engineering','sakaradhorn@eng.src.ku.ac.th','','Teacher'),(88,'Supatchaya Chuanpongpanich','ENGINEERING AT SRIRACHA','Civil Engineering','supatchaya@eng.src.ku.ac.th','','Teacher'),(89,'Narongrit Wongwai','ENGINEERING AT SRIRACHA','Civil Engineering','narongrit@eng.src.ku.ac.th','','Teacher'),(90,'Sakaradhorn Boontaveeyuwat','ENGINEERING AT SRIRACHA','Civil Engineering','sakaradhorn@eng.src.ku.ac.th','','Teacher'),(91,'Thanasit Promping','ENGINEERING AT SRIRACHA','Civil Engineering','thanasit@eng.src.ku.ac.th','','Teacher'),(92,'Chutipat Fayhirun','ENGINEERING AT SRIRACHA','Civil Engineering','chutipat@eng.src.ku.ac.th','','Teacher'),(93,'Piyapong Srirat','ENGINEERING AT SRIRACHA','Civil Engineering','piyapong@eng.src.ku.ac.th','','Teacher'),(94,'Burachat Kasuyee','ENGINEERING AT SRIRACHA','Civil Engineering','burachat@eng.src.ku.ac.th','','Teacher'),(95,'Porjan Tuttipongsawat','ENGINEERING AT SRIRACHA','Civil Engineering','porjan@eng.src.ku.ac.th','','Teacher'),(96,'Sutasinee Intui','ENGINEERING AT SRIRACHA','Civil Engineering','sutasinee@eng.src.ku.ac.th','','Teacher'),(97,'Niyom Saenmontree','ENGINEERING AT SRIRACHA','Civil Engineering','niyom@eng.src.ku.ac.th','','Teacher'),(98,'Sathapat Arriworaphon','ENGINEERING AT SRIRACHA','Civil Engineering','sathapat@eng.src.ku.ac.th','','Teacher'),(99,'Totsatum Duoadkhunthod','ENGINEERING AT SRIRACHA','Civil Engineering','totsatam@eng.src.ku.ac.th','','Teacher'),(100,'Poomlak promdontri','ENGINEERING AT SRIRACHA','Computer Engineering','poomlak.p@ku.th','','Admin'),(101,'Nanfha Sutthikul','ENGINEERING AT SRIRACHA','Computer Engineering','nanfha.s@ku.th','','Admin'),(102,'Polkrit Tikhana','ENGINEERING AT SRIRACHA','Computer Engineering','polkrit.t@live.ku.th','','Admin'),(103,'Chanitpol Saengraksa','ENGINEERING AT SRIRACHA','Computer Engineering','Chanitpol.s@ku.th','','Admin'),(104,'Wasupon Somwang','ENGINEERING AT SRIRACHA','Computer Engineering','wasupon.so@ku.th','','Admin'),(105,'Kannipit Pornpayap','ENGINEERING AT SRIRACHA','Computer Engineering','kannipit.p@ku.th','','Admin'),(106,'Patcharapon Kajornklin','ENGINEERING AT SRIRACHA','Computer Engineering','patcharapon.kaj@ku.th','','Admin'),(107,'Surakan Machan','ENGINEERING AT SRIRACHA','Computer Engineering','surakan.m@ku.th','','Admin');
/*!40000 ALTER TABLE `users` ENABLE KEYS */;
UNLOCK TABLES;
/*!40103 SET TIME_ZONE=@OLD_TIME_ZONE */;

/*!40101 SET SQL_MODE=@OLD_SQL_MODE */;
/*!40014 SET FOREIGN_KEY_CHECKS=@OLD_FOREIGN_KEY_CHECKS */;
/*!40014 SET UNIQUE_CHECKS=@OLD_UNIQUE_CHECKS */;
/*!40101 SET CHARACTER_SET_CLIENT=@OLD_CHARACTER_SET_CLIENT */;
/*!40101 SET CHARACTER_SET_RESULTS=@OLD_CHARACTER_SET_RESULTS */;
/*!40101 SET COLLATION_CONNECTION=@OLD_COLLATION_CONNECTION */;
/*!40111 SET SQL_NOTES=@OLD_SQL_NOTES */;

-- Dump completed on 2024-02-08 16:10:57
